capture_date,GMT_capture_time,Country,Statements of Support,Threshold,Percentage,snapshot_url
2025-06-24,04:43:40,Austria,10326,13395,77.09,https://web.archive.org/web/20250624044340/https://citizens-initiative.europa.eu/initiatives/details/2024/000007_en
2025-06-24,04:43:40,Belgium,14272,14805,96.40,https://web.archive.org/web/20250624044340/https://citizens-initiative.europa.eu/initiatives/details/2024/000007_en
2025-06-24,04:43:40,Bulgaria,4732,11985,39.48,https://web.archive.org/web/20250624044340/https://citizens-initiative.europa.eu/initiatives/details/2024/000007_en
2025-06-24,04:43:40,Croatia,4270,8460,50.47,https://web.archive.org/web/20250624044340/https://citizens-initiative.europa.eu/initiatives/details/2024/000007_en
2025-06-24,04:43:40,Cyprus,590,4230,13.95,https://web.archive.org/web/20250624044340/https://citizens-initiative.europa.eu/initiatives/details/2024/000007_en
2025-06-24,04:43:40,Czechia,7579,14805,51.19,https://web.archive.org/web/20250624044340/https://citizens-initiative.europa.eu/initiatives/details/2024/000007_en
2025-06-24,04:43:40,Denmark,12351,9870,125.14,https://web.archive.org/web/20250624044340/https://citizens-initiative.europa.eu/initiatives/details/2024/000007_en
2025-06-24,04:43:40,Estonia,3105,4935,62.92,https://web.archive.org/web/20250624044340/https://citizens-initiative.europa.eu/initiatives/details/2024/000007_en
2025-06-24,04:43:40,Finland,15814,9870,160.22,https://web.archive.org/web/20250624044340/https://citizens-initiative.europa.eu/initiatives/details/2024/000007_en
2025-06-24,04:43:40,France,51004,55695,91.58,https://web.archive.org/web/20250624044340/https://citizens-initiative.europa.eu/initiatives/details/2024/000007_en
2025-06-24,04:43:40,Germany,99937,67680,147.66,https://web.archive.org/web/20250624044340/https://citizens-initiative.europa.eu/initiatives/details/2024/000007_en
2025-06-24,04:43:40,Greece,5182,14805,35.00,https://web.archive.org/web/20250624044340/https://citizens-initiative.europa.eu/initiatives/details/2024/000007_en
2025-06-24,04:43:40,Hungary,10129,14805,68.42,https://web.archive.org/web/20250624044340/https://citizens-initiative.europa.eu/initiatives/details/2024/000007_en
2025-06-24,04:43:40,Ireland,10667,9165,116.39,https://web.archive.org/web/20250624044340/https://citizens-initiative.europa.eu/initiatives/details/2024/000007_en
2025-06-24,04:43:40,Italy,25548,53580,47.68,https://web.archive.org/web/20250624044340/https://citizens-initiative.europa.eu/initiatives/details/2024/000007_en
2025-06-24,04:43:40,Latvia,2740,5640,48.58,https://web.archive.org/web/20250624044340/https://citizens-initiative.europa.eu/initiatives/details/2024/000007_en
2025-06-24,04:43:40,Lithuania,5329,7755,68.72,https://web.archive.org/web/20250624044340/https://citizens-initiative.europa.eu/initiatives/details/2024/000007_en
2025-06-24,04:43:40,Luxembourg,971,4230,22.96,https://web.archive.org/web/20250624044340/https://citizens-initiative.europa.eu/initiatives/details/2024/000007_en
2025-06-24,04:43:40,Malta,549,4230,12.98,https://web.archive.org/web/20250624044340/https://citizens-initiative.europa.eu/initiatives/details/2024/000007_en
2025-06-24,04:43:40,Netherlands,27117,20445,132.63,https://web.archive.org/web/20250624044340/https://citizens-initiative.europa.eu/initiatives/details/2024/000007_en
2025-06-24,04:43:40,Poland,57307,36660,156.32,https://web.archive.org/web/20250624044340/https://citizens-initiative.europa.eu/initiatives/details/2024/000007_en
2025-06-24,04:43:40,Portugal,8696,14805,58.74,https://web.archive.org/web/20250624044340/https://citizens-initiative.europa.eu/initiatives/details/2024/000007_en
2025-06-24,04:43:40,Romania,12660,23265,54.42,https://web.archive.org/web/20250624044340/https://citizens-initiative.europa.eu/initiatives/details/2024/000007_en
2025-06-24,04:43:40,Slovakia,5094,9870,51.61,https://web.archive.org/web/20250624044340/https://citizens-initiative.europa.eu/initiatives/details/2024/000007_en
2025-06-24,04:43:40,Slovenia,2534,5640,44.93,https://web.archive.org/web/20250624044340/https://citizens-initiative.europa.eu/initiatives/details/2024/000007_en
2025-06-24,04:43:40,Spain,37494,41595,90.14,https://web.archive.org/web/20250624044340/https://citizens-initiative.europa.eu/initiatives/details/2024/000007_en
2025-06-24,04:43:40,Sweden,20878,14805,141.02,https://web.archive.org/web/20250624044340/https://citizens-initiative.europa.eu/initiatives/details/2024/000007_en
2025-06-24,04:43:40,Total number of signatories,456875,,,https://web.archive.org/web/20250624044340/https://citizens-initiative.europa.eu/initiatives/details/2024/000007_en
2025-06-24,20:10:43,Austria,10549,13395,78.75,https://web.archive.org/web/20250624201043/https://citizens-initiative.europa.eu/initiatives/details/2024/000007_en
2025-06-24,20:10:43,Belgium,14608,14805,98.67,https://web.archive.org/web/20250624201043/https://citizens-initiative.europa.eu/initiatives/details/2024/000007_en
2025-06-24,20:10:43,Bulgaria,4938,11985,41.20,https://web.archive.org/web/20250624201043/https://citizens-initiative.europa.eu/initiatives/details/2024/000007_en
2025-06-24,20:10:43,Croatia,4470,8460,52.84,https://web.archive.org/web/20250624201043/https://citizens-initiative.europa.eu/initiatives/details/2024/000007_en
2025-06-24,20:10:43,Cyprus,621,4230,14.68,https://web.archive.org/web/20250624201043/https://citizens-initiative.europa.eu/initiatives/details/2024/000007_en
2025-06-24,20:10:43,Czechia,7855,14805,53.06,https://web.archive.org/web/20250624201043/https://citizens-initiative.europa.eu/initiatives/details/2024/000007_en
2025-06-24,20:10:43,Denmark,12971,9870,131.42,https://web.archive.org/web/20250624201043/https://citizens-initiative.europa.eu/initiatives/details/2024/000007_en
2025-06-24,20:10:43,Estonia,3270,4935,66.26,https://web.archive.org/web/20250624201043/https://citizens-initiative.europa.eu/initiatives/details/2024/000007_en
2025-06-24,20:10:43,Finland,16712,9870,169.32,https://web.archive.org/web/20250624201043/https://citizens-initiative.europa.eu/initiatives/details/2024/000007_en
2025-06-24,20:10:43,France,52430,55695,94.14,https://web.archive.org/web/20250624201043/https://citizens-initiative.europa.eu/initiatives/details/2024/000007_en
2025-06-24,20:10:43,Germany,104058,67680,153.75,https://web.archive.org/web/20250624201043/https://citizens-initiative.europa.eu/initiatives/details/2024/000007_en
2025-06-24,20:10:43,Greece,5511,14805,37.22,https://web.archive.org/web/20250624201043/https://citizens-initiative.europa.eu/initiatives/details/2024/000007_en
2025-06-24,20:10:43,Hungary,10426,14805,70.42,https://web.archive.org/web/20250624201043/https://citizens-initiative.europa.eu/initiatives/details/2024/000007_en
2025-06-24,20:10:43,Ireland,11439,9165,124.81,https://web.archive.org/web/20250624201043/https://citizens-initiative.europa.eu/initiatives/details/2024/000007_en
2025-06-24,20:10:43,Italy,26087,53580,48.69,https://web.archive.org/web/20250624201043/https://citizens-initiative.europa.eu/initiatives/details/2024/000007_en
2025-06-24,20:10:43,Latvia,2875,5640,50.98,https://web.archive.org/web/20250624201043/https://citizens-initiative.europa.eu/initiatives/details/2024/000007_en
2025-06-24,20:10:43,Lithuania,5588,7755,72.06,https://web.archive.org/web/20250624201043/https://citizens-initiative.europa.eu/initiatives/details/2024/000007_en
2025-06-24,20:10:43,Luxembourg,1007,4230,23.81,https://web.archive.org/web/20250624201043/https://citizens-initiative.europa.eu/initiatives/details/2024/000007_en
2025-06-24,20:10:43,Malta,583,4230,13.78,https://web.archive.org/web/20250624201043/https://citizens-initiative.europa.eu/initiatives/details/2024/000007_en
2025-06-24,20:10:43,Netherlands,28510,20445,139.45,https://web.archive.org/web/20250624201043/https://citizens-initiative.europa.eu/initiatives/details/2024/000007_en
2025-06-24,20:10:43,Poland,58426,36660,159.37,https://web.archive.org/web/20250624201043/https://citizens-initiative.europa.eu/initiatives/details/2024/000007_en
2025-06-24,20:10:43,Portugal,9230,14805,62.34,https://web.archive.org/web/20250624201043/https://citizens-initiative.europa.eu/initiatives/details/2024/000007_en
2025-06-24,20:10:43,Romania,13244,23265,56.93,https://web.archive.org/web/20250624201043/https://citizens-initiative.europa.eu/initiatives/details/2024/000007_en
2025-06-24,20:10:43,Slovakia,5307,9870,53.77,https://web.archive.org/web/20250624201043/https://citizens-initiative.europa.eu/initiatives/details/2024/000007_en
2025-06-24,20:10:43,Slovenia,2631,5640,46.65,https://web.archive.org/web/20250624201043/https://citizens-initiative.europa.eu/initiatives/details/2024/000007_en
2025-06-24,20:10:43,Spain,38573,41595,92.73,https://web.archive.org/web/20250624201043/https://citizens-initiative.europa.eu/initiatives/details/2024/000007_en
2025-06-24,20:10:43,Sweden,22066,14805,149.04,https://web.archive.org/web/20250624201043/https://citizens-initiative.europa.eu/initiatives/details/2024/000007_en
2025-06-24,20:10:43,Total number of signatories,473985,,,https://web.archive.org/web/20250624201043/https://citizens-initiative.europa.eu/initiatives/details/2024/000007_en
2025-06-23,20:38:13,Austria,10312,13395,76.98,https://web.archive.org/web/20250623203813/https://citizens-initiative.europa.eu/initiatives/details/2024/000007_en
2025-06-23,20:38:13,Belgium,14254,14805,96.28,https://web.archive.org/web/20250623203813/https://citizens-initiative.europa.eu/initiatives/details/2024/000007_en
2025-06-23,20:38:13,Bulgaria,4719,11985,39.37,https://web.archive.org/web/20250623203813/https://citizens-initiative.europa.eu/initiatives/details/2024/000007_en
2025-06-23,20:38:13,Croatia,4257,8460,50.32,https://web.archive.org/web/20250623203813/https://citizens-initiative.europa.eu/initiatives/details/2024/000007_en
2025-06-23,20:38:13,Cyprus,587,4230,13.88,https://web.archive.org/web/20250623203813/https://citizens-initiative.europa.eu/initiatives/details/2024/000007_en
2025-06-23,20:38:13,Czechia,7567,14805,51.11,https://web.archive.org/web/20250623203813/https://citizens-initiative.europa.eu/initiatives/details/2024/000007_en
2025-06-23,20:38:13,Denmark,12288,9870,124.50,https://web.archive.org/web/20250623203813/https://citizens-initiative.europa.eu/initiatives/details/2024/000007_en
2025-06-23,20:38:13,Estonia,3094,4935,62.70,https://web.archive.org/web/20250623203813/https://citizens-initiative.europa.eu/initiatives/details/2024/000007_en
2025-06-23,20:38:13,Finland,15721,9870,159.28,https://web.archive.org/web/20250623203813/https://citizens-initiative.europa.eu/initiatives/details/2024/000007_en
2025-06-23,20:38:13,France,50873,55695,91.34,https://web.archive.org/web/20250623203813/https://citizens-initiative.europa.eu/initiatives/details/2024/000007_en
2025-06-23,20:38:13,Germany,99695,67680,147.30,https://web.archive.org/web/20250623203813/https://citizens-initiative.europa.eu/initiatives/details/2024/000007_en
2025-06-23,20:38:13,Greece,5164,14805,34.88,https://web.archive.org/web/20250623203813/https://citizens-initiative.europa.eu/initiatives/details/2024/000007_en
2025-06-23,20:38:13,Hungary,10108,14805,68.27,https://web.archive.org/web/20250623203813/https://citizens-initiative.europa.eu/initiatives/details/2024/000007_en
2025-06-23,20:38:13,Ireland,10590,9165,115.55,https://web.archive.org/web/20250623203813/https://citizens-initiative.europa.eu/initiatives/details/2024/000007_en
2025-06-23,20:38:13,Italy,25522,53580,47.63,https://web.archive.org/web/20250623203813/https://citizens-initiative.europa.eu/initiatives/details/2024/000007_en
2025-06-23,20:38:13,Latvia,2734,5640,48.48,https://web.archive.org/web/20250623203813/https://citizens-initiative.europa.eu/initiatives/details/2024/000007_en
2025-06-23,20:38:13,Lithuania,5311,7755,68.48,https://web.archive.org/web/20250623203813/https://citizens-initiative.europa.eu/initiatives/details/2024/000007_en
2025-06-23,20:38:13,Luxembourg,971,4230,22.96,https://web.archive.org/web/20250623203813/https://citizens-initiative.europa.eu/initiatives/details/2024/000007_en
2025-06-23,20:38:13,Malta,546,4230,12.91,https://web.archive.org/web/20250623203813/https://citizens-initiative.europa.eu/initiatives/details/2024/000007_en
2025-06-23,20:38:13,Netherlands,27014,20445,132.13,https://web.archive.org/web/20250623203813/https://citizens-initiative.europa.eu/initiatives/details/2024/000007_en
2025-06-23,20:38:13,Poland,57218,36660,156.08,https://web.archive.org/web/20250623203813/https://citizens-initiative.europa.eu/initiatives/details/2024/000007_en
2025-06-23,20:38:13,Portugal,8638,14805,58.35,https://web.archive.org/web/20250623203813/https://citizens-initiative.europa.eu/initiatives/details/2024/000007_en
2025-06-23,20:38:13,Romania,12624,23265,54.26,https://web.archive.org/web/20250623203813/https://citizens-initiative.europa.eu/initiatives/details/2024/000007_en
2025-06-23,20:38:13,Slovakia,5077,9870,51.44,https://web.archive.org/web/20250623203813/https://citizens-initiative.europa.eu/initiatives/details/2024/000007_en
2025-06-23,20:38:13,Slovenia,2524,5640,44.75,https://web.archive.org/web/20250623203813/https://citizens-initiative.europa.eu/initiatives/details/2024/000007_en
2025-06-23,20:38:13,Spain,37350,41595,89.79,https://web.archive.org/web/20250623203813/https://citizens-initiative.europa.eu/initiatives/details/2024/000007_en
2025-06-23,20:38:13,Sweden,20755,14805,140.19,https://web.archive.org/web/20250623203813/https://citizens-initiative.europa.eu/initiatives/details/2024/000007_en
2025-06-23,20:38:13,Total number of signatories,455513,,,https://web.archive.org/web/20250623203813/https://citizens-initiative.europa.eu/initiatives/details/2024/000007_en
2025-06-26,10:59:18,Austria,11462,13395,85.57,https://web.archive.org/web/20250626105918/https://citizens-initiative.europa.eu/initiatives/details/2024/000007_en
2025-06-26,10:59:18,Belgium,15519,14805,104.82,https://web.archive.org/web/20250626105918/https://citizens-initiative.europa.eu/initiatives/details/2024/000007_en
2025-06-26,10:59:18,Bulgaria,5707,11985,47.62,https://web.archive.org/web/20250626105918/https://citizens-initiative.europa.eu/initiatives/details/2024/000007_en
2025-06-26,10:59:18,Croatia,5647,8460,66.75,https://web.archive.org/web/20250626105918/https://citizens-initiative.europa.eu/initiatives/details/2024/000007_en
2025-06-26,10:59:18,Cyprus,734,4230,17.35,https://web.archive.org/web/20250626105918/https://citizens-initiative.europa.eu/initiatives/details/2024/000007_en
2025-06-26,10:59:18,Czechia,8872,14805,59.93,https://web.archive.org/web/20250626105918/https://citizens-initiative.europa.eu/initiatives/details/2024/000007_en
2025-06-26,10:59:18,Denmark,14902,9870,150.98,https://web.archive.org/web/20250626105918/https://citizens-initiative.europa.eu/initiatives/details/2024/000007_en
2025-06-26,10:59:18,Estonia,3993,4935,80.91,https://web.archive.org/web/20250626105918/https://citizens-initiative.europa.eu/initiatives/details/2024/000007_en
2025-06-26,10:59:18,Finland,20087,9870,203.52,https://web.archive.org/web/20250626105918/https://citizens-initiative.europa.eu/initiatives/details/2024/000007_en
2025-06-26,10:59:18,France,56945,55695,102.24,https://web.archive.org/web/20250626105918/https://citizens-initiative.europa.eu/initiatives/details/2024/000007_en
2025-06-26,10:59:18,Germany,115103,67680,170.07,https://web.archive.org/web/20250626105918/https://citizens-initiative.europa.eu/initiatives/details/2024/000007_en
2025-06-26,10:59:18,Greece,6741,14805,45.53,https://web.archive.org/web/20250626105918/https://citizens-initiative.europa.eu/initiatives/details/2024/000007_en
2025-06-26,10:59:18,Hungary,11570,14805,78.15,https://web.archive.org/web/20250626105918/https://citizens-initiative.europa.eu/initiatives/details/2024/000007_en
2025-06-26,10:59:18,Ireland,13501,9165,147.31,https://web.archive.org/web/20250626105918/https://citizens-initiative.europa.eu/initiatives/details/2024/000007_en
2025-06-26,10:59:18,Italy,29719,53580,55.47,https://web.archive.org/web/20250626105918/https://citizens-initiative.europa.eu/initiatives/details/2024/000007_en
2025-06-26,10:59:18,Latvia,3281,5640,58.17,https://web.archive.org/web/20250626105918/https://citizens-initiative.europa.eu/initiatives/details/2024/000007_en
2025-06-26,10:59:18,Lithuania,6491,7755,83.70,https://web.archive.org/web/20250626105918/https://citizens-initiative.europa.eu/initiatives/details/2024/000007_en
2025-06-26,10:59:18,Luxembourg,1157,4230,27.35,https://web.archive.org/web/20250626105918/https://citizens-initiative.europa.eu/initiatives/details/2024/000007_en
2025-06-26,10:59:18,Malta,683,4230,16.15,https://web.archive.org/web/20250626105918/https://citizens-initiative.europa.eu/initiatives/details/2024/000007_en
2025-06-26,10:59:18,Netherlands,32383,20445,158.39,https://web.archive.org/web/20250626105918/https://citizens-initiative.europa.eu/initiatives/details/2024/000007_en
2025-06-26,10:59:18,Poland,64006,36660,174.59,https://web.archive.org/web/20250626105918/https://citizens-initiative.europa.eu/initiatives/details/2024/000007_en
2025-06-26,10:59:18,Portugal,11925,14805,80.55,https://web.archive.org/web/20250626105918/https://citizens-initiative.europa.eu/initiatives/details/2024/000007_en
2025-06-26,10:59:18,Romania,15385,23265,66.13,https://web.archive.org/web/20250626105918/https://citizens-initiative.europa.eu/initiatives/details/2024/000007_en
2025-06-26,10:59:18,Slovakia,6110,9870,61.90,https://web.archive.org/web/20250626105918/https://citizens-initiative.europa.eu/initiatives/details/2024/000007_en
2025-06-26,10:59:18,Slovenia,2983,5640,52.89,https://web.archive.org/web/20250626105918/https://citizens-initiative.europa.eu/initiatives/details/2024/000007_en
2025-06-26,10:59:18,Spain,41373,41595,99.47,https://web.archive.org/web/20250626105918/https://citizens-initiative.europa.eu/initiatives/details/2024/000007_en
2025-06-26,10:59:18,Sweden,25719,14805,173.72,https://web.archive.org/web/20250626105918/https://citizens-initiative.europa.eu/initiatives/details/2024/000007_en
2025-06-26,10:59:18,Total number of signatories,531998,,,https://web.archive.org/web/20250626105918/https://citizens-initiative.europa.eu/initiatives/details/2024/000007_en
2025-06-27,11:53:46,Austria,12021,13395,89.74,https://web.archive.org/web/20250627115346/https://citizens-initiative.europa.eu/initiatives/details/2024/000007_en
2025-06-27,11:53:46,Belgium,16319,14805,110.23,https://web.archive.org/web/20250627115346/https://citizens-initiative.europa.eu/initiatives/details/2024/000007_en
2025-06-27,11:53:46,Bulgaria,6256,11985,52.20,https://web.archive.org/web/20250627115346/https://citizens-initiative.europa.eu/initiatives/details/2024/000007_en
2025-06-27,11:53:46,Croatia,6646,8460,78.56,https://web.archive.org/web/20250627115346/https://citizens-initiative.europa.eu/initiatives/details/2024/000007_en
2025-06-27,11:53:46,Cyprus,910,4230,21.51,https://web.archive.org/web/20250627115346/https://citizens-initiative.europa.eu/initiatives/details/2024/000007_en
2025-06-27,11:53:46,Czechia,9659,14805,65.24,https://web.archive.org/web/20250627115346/https://citizens-initiative.europa.eu/initiatives/details/2024/000007_en
2025-06-27,11:53:46,Denmark,16525,9870,167.43,https://web.archive.org/web/20250627115346/https://citizens-initiative.europa.eu/initiatives/details/2024/000007_en
2025-06-27,11:53:46,Estonia,4387,4935,88.90,https://web.archive.org/web/20250627115346/https://citizens-initiative.europa.eu/initiatives/details/2024/000007_en
2025-06-27,11:53:46,Finland,22339,9870,226.33,https://web.archive.org/web/20250627115346/https://citizens-initiative.europa.eu/initiatives/details/2024/000007_en
2025-06-27,11:53:46,France,61323,55695,110.11,https://web.archive.org/web/20250627115346/https://citizens-initiative.europa.eu/initiatives/details/2024/000007_en
2025-06-27,11:53:46,Germany,125689,67680,185.71,https://web.archive.org/web/20250627115346/https://citizens-initiative.europa.eu/initiatives/details/2024/000007_en
2025-06-27,11:53:46,Greece,7514,14805,50.75,https://web.archive.org/web/20250627115346/https://citizens-initiative.europa.eu/initiatives/details/2024/000007_en
2025-06-27,11:53:46,Hungary,12319,14805,83.21,https://web.archive.org/web/20250627115346/https://citizens-initiative.europa.eu/initiatives/details/2024/000007_en
2025-06-27,11:53:46,Ireland,15022,9165,163.91,https://web.archive.org/web/20250627115346/https://citizens-initiative.europa.eu/initiatives/details/2024/000007_en
2025-06-27,11:53:46,Italy,31909,53580,59.55,https://web.archive.org/web/20250627115346/https://citizens-initiative.europa.eu/initiatives/details/2024/000007_en
2025-06-27,11:53:46,Latvia,3641,5640,64.56,https://web.archive.org/web/20250627115346/https://citizens-initiative.europa.eu/initiatives/details/2024/000007_en
2025-06-27,11:53:46,Lithuania,7236,7755,93.31,https://web.archive.org/web/20250627115346/https://citizens-initiative.europa.eu/initiatives/details/2024/000007_en
2025-06-27,11:53:46,Luxembourg,1278,4230,30.21,https://web.archive.org/web/20250627115346/https://citizens-initiative.europa.eu/initiatives/details/2024/000007_en
2025-06-27,11:53:46,Malta,799,4230,18.89,https://web.archive.org/web/20250627115346/https://citizens-initiative.europa.eu/initiatives/details/2024/000007_en
2025-06-27,11:53:46,Netherlands,35861,20445,175.40,https://web.archive.org/web/20250627115346/https://citizens-initiative.europa.eu/initiatives/details/2024/000007_en
2025-06-27,11:53:46,Poland,68125,36660,185.83,https://web.archive.org/web/20250627115346/https://citizens-initiative.europa.eu/initiatives/details/2024/000007_en
2025-06-27,11:53:46,Portugal,13432,14805,90.73,https://web.archive.org/web/20250627115346/https://citizens-initiative.europa.eu/initiatives/details/2024/000007_en
2025-06-27,11:53:46,Romania,16813,23265,72.27,https://web.archive.org/web/20250627115346/https://citizens-initiative.europa.eu/initiatives/details/2024/000007_en
2025-06-27,11:53:46,Slovakia,6625,9870,67.12,https://web.archive.org/web/20250627115346/https://citizens-initiative.europa.eu/initiatives/details/2024/000007_en
2025-06-27,11:53:46,Slovenia,3304,5640,58.58,https://web.archive.org/web/20250627115346/https://citizens-initiative.europa.eu/initiatives/details/2024/000007_en
2025-06-27,11:53:46,Spain,43975,41595,105.72,https://web.archive.org/web/20250627115346/https://citizens-initiative.europa.eu/initiatives/details/2024/000007_en
2025-06-27,11:53:46,Sweden,28629,14805,193.37,https://web.archive.org/web/20250627115346/https://citizens-initiative.europa.eu/initiatives/details/2024/000007_en
2025-06-27,11:53:46,Total number of signatories,578556,,,https://web.archive.org/web/20250627115346/https://citizens-initiative.europa.eu/initiatives/details/2024/000007_en
2025-06-27,22:07:34,Austria,12270,13395,91.60,https://web.archive.org/web/20250627220734/https://citizens-initiative.europa.eu/initiatives/details/2024/000007_en
2025-06-27,22:07:34,Belgium,16720,14805,112.93,https://web.archive.org/web/20250627220734/https://citizens-initiative.europa.eu/initiatives/details/2024/000007_en
2025-06-27,22:07:34,Bulgaria,6564,11985,54.77,https://web.archive.org/web/20250627220734/https://citizens-initiative.europa.eu/initiatives/details/2024/000007_en
2025-06-27,22:07:34,Croatia,6963,8460,82.30,https://web.archive.org/web/20250627220734/https://citizens-initiative.europa.eu/initiatives/details/2024/000007_en
2025-06-27,22:07:34,Cyprus,973,4230,23.00,https://web.archive.org/web/20250627220734/https://citizens-initiative.europa.eu/initiatives/details/2024/000007_en
2025-06-27,22:07:34,Czechia,9976,14805,67.38,https://web.archive.org/web/20250627220734/https://citizens-initiative.europa.eu/initiatives/details/2024/000007_en
2025-06-27,22:07:34,Denmark,17240,9870,174.67,https://web.archive.org/web/20250627220734/https://citizens-initiative.europa.eu/initiatives/details/2024/000007_en
2025-06-27,22:07:34,Estonia,4529,4935,91.77,https://web.archive.org/web/20250627220734/https://citizens-initiative.europa.eu/initiatives/details/2024/000007_en
2025-06-27,22:07:34,Finland,23345,9870,236.52,https://web.archive.org/web/20250627220734/https://citizens-initiative.europa.eu/initiatives/details/2024/000007_en
2025-06-27,22:07:34,France,64297,55695,115.44,https://web.archive.org/web/20250627220734/https://citizens-initiative.europa.eu/initiatives/details/2024/000007_en
2025-06-27,22:07:34,Germany,129903,67680,191.94,https://web.archive.org/web/20250627220734/https://citizens-initiative.europa.eu/initiatives/details/2024/000007_en
2025-06-27,22:07:34,Greece,7918,14805,53.48,https://web.archive.org/web/20250627220734/https://citizens-initiative.europa.eu/initiatives/details/2024/000007_en
2025-06-27,22:07:34,Hungary,12735,14805,86.02,https://web.archive.org/web/20250627220734/https://citizens-initiative.europa.eu/initiatives/details/2024/000007_en
2025-06-27,22:07:34,Ireland,15749,9165,171.84,https://web.archive.org/web/20250627220734/https://citizens-initiative.europa.eu/initiatives/details/2024/000007_en
2025-06-27,22:07:34,Italy,32785,53580,61.19,https://web.archive.org/web/20250627220734/https://citizens-initiative.europa.eu/initiatives/details/2024/000007_en
2025-06-27,22:07:34,Latvia,3836,5640,68.01,https://web.archive.org/web/20250627220734/https://citizens-initiative.europa.eu/initiatives/details/2024/000007_en
2025-06-27,22:07:34,Lithuania,7569,7755,97.60,https://web.archive.org/web/20250627220734/https://citizens-initiative.europa.eu/initiatives/details/2024/000007_en
2025-06-27,22:07:34,Luxembourg,1325,4230,31.32,https://web.archive.org/web/20250627220734/https://citizens-initiative.europa.eu/initiatives/details/2024/000007_en
2025-06-27,22:07:34,Malta,841,4230,19.88,https://web.archive.org/web/20250627220734/https://citizens-initiative.europa.eu/initiatives/details/2024/000007_en
2025-06-27,22:07:34,Netherlands,37313,20445,182.50,https://web.archive.org/web/20250627220734/https://citizens-initiative.europa.eu/initiatives/details/2024/000007_en
2025-06-27,22:07:34,Poland,70303,36660,191.77,https://web.archive.org/web/20250627220734/https://citizens-initiative.europa.eu/initiatives/details/2024/000007_en
2025-06-27,22:07:34,Portugal,14061,14805,94.97,https://web.archive.org/web/20250627220734/https://citizens-initiative.europa.eu/initiatives/details/2024/000007_en
2025-06-27,22:07:34,Romania,17414,23265,74.85,https://web.archive.org/web/20250627220734/https://citizens-initiative.europa.eu/initiatives/details/2024/000007_en
2025-06-27,22:07:34,Slovakia,6860,9870,69.50,https://web.archive.org/web/20250627220734/https://citizens-initiative.europa.eu/initiatives/details/2024/000007_en
2025-06-27,22:07:34,Slovenia,3456,5640,61.28,https://web.archive.org/web/20250627220734/https://citizens-initiative.europa.eu/initiatives/details/2024/000007_en
2025-06-27,22:07:34,Spain,47152,41595,113.36,https://web.archive.org/web/20250627220734/https://citizens-initiative.europa.eu/initiatives/details/2024/000007_en
2025-06-27,22:07:34,Sweden,30152,14805,203.66,https://web.archive.org/web/20250627220734/https://citizens-initiative.europa.eu/initiatives/details/2024/000007_en
2025-06-27,22:07:34,Total number of signatories,602249,,,https://web.archive.org/web/20250627220734/https://citizens-initiative.europa.eu/initiatives/details/2024/000007_en
2025-06-27,21:04:23,Austria,12021,13395,89.74,https://web.archive.org/web/20250627210423/https://citizens-initiative.europa.eu/initiatives/details/2024/000007_en
2025-06-27,21:04:23,Belgium,16319,14805,110.23,https://web.archive.org/web/20250627210423/https://citizens-initiative.europa.eu/initiatives/details/2024/000007_en
2025-06-27,21:04:23,Bulgaria,6256,11985,52.20,https://web.archive.org/web/20250627210423/https://citizens-initiative.europa.eu/initiatives/details/2024/000007_en
2025-06-27,21:04:23,Croatia,6646,8460,78.56,https://web.archive.org/web/20250627210423/https://citizens-initiative.europa.eu/initiatives/details/2024/000007_en
2025-06-27,21:04:23,Cyprus,910,4230,21.51,https://web.archive.org/web/20250627210423/https://citizens-initiative.europa.eu/initiatives/details/2024/000007_en
2025-06-27,21:04:23,Czechia,9659,14805,65.24,https://web.archive.org/web/20250627210423/https://citizens-initiative.europa.eu/initiatives/details/2024/000007_en
2025-06-27,21:04:23,Denmark,16525,9870,167.43,https://web.archive.org/web/20250627210423/https://citizens-initiative.europa.eu/initiatives/details/2024/000007_en
2025-06-27,21:04:23,Estonia,4387,4935,88.90,https://web.archive.org/web/20250627210423/https://citizens-initiative.europa.eu/initiatives/details/2024/000007_en
2025-06-27,21:04:23,Finland,22339,9870,226.33,https://web.archive.org/web/20250627210423/https://citizens-initiative.europa.eu/initiatives/details/2024/000007_en
2025-06-27,21:04:23,France,61323,55695,110.11,https://web.archive.org/web/20250627210423/https://citizens-initiative.europa.eu/initiatives/details/2024/000007_en
2025-06-27,21:04:23,Germany,125689,67680,185.71,https://web.archive.org/web/20250627210423/https://citizens-initiative.europa.eu/initiatives/details/2024/000007_en
2025-06-27,21:04:23,Greece,7514,14805,50.75,https://web.archive.org/web/20250627210423/https://citizens-initiative.europa.eu/initiatives/details/2024/000007_en
2025-06-27,21:04:23,Hungary,12319,14805,83.21,https://web.archive.org/web/20250627210423/https://citizens-initiative.europa.eu/initiatives/details/2024/000007_en
2025-06-27,21:04:23,Ireland,15022,9165,163.91,https://web.archive.org/web/20250627210423/https://citizens-initiative.europa.eu/initiatives/details/2024/000007_en
2025-06-27,21:04:23,Italy,31909,53580,59.55,https://web.archive.org/web/20250627210423/https://citizens-initiative.europa.eu/initiatives/details/2024/000007_en
2025-06-27,21:04:23,Latvia,3641,5640,64.56,https://web.archive.org/web/20250627210423/https://citizens-initiative.europa.eu/initiatives/details/2024/000007_en
2025-06-27,21:04:23,Lithuania,7236,7755,93.31,https://web.archive.org/web/20250627210423/https://citizens-initiative.europa.eu/initiatives/details/2024/000007_en
2025-06-27,21:04:23,Luxembourg,1278,4230,30.21,https://web.archive.org/web/20250627210423/https://citizens-initiative.europa.eu/initiatives/details/2024/000007_en
2025-06-27,21:04:23,Malta,799,4230,18.89,https://web.archive.org/web/20250627210423/https://citizens-initiative.europa.eu/initiatives/details/2024/000007_en
2025-06-27,21:04:23,Netherlands,35861,20445,175.40,https://web.archive.org/web/20250627210423/https://citizens-initiative.europa.eu/initiatives/details/2024/000007_en
2025-06-27,21:04:23,Poland,68125,36660,185.83,https://web.archive.org/web/20250627210423/https://citizens-initiative.europa.eu/initiatives/details/2024/000007_en
2025-06-27,21:04:23,Portugal,13432,14805,90.73,https://web.archive.org/web/20250627210423/https://citizens-initiative.europa.eu/initiatives/details/2024/000007_en
2025-06-27,21:04:23,Romania,16813,23265,72.27,https://web.archive.org/web/20250627210423/https://citizens-initiative.europa.eu/initiatives/details/2024/000007_en
2025-06-27,21:04:23,Slovakia,6625,9870,67.12,https://web.archive.org/web/20250627210423/https://citizens-initiative.europa.eu/initiatives/details/2024/000007_en
2025-06-27,21:04:23,Slovenia,3304,5640,58.58,https://web.archive.org/web/20250627210423/https://citizens-initiative.europa.eu/initiatives/details/2024/000007_en
2025-06-27,21:04:23,Spain,43975,41595,105.72,https://web.archive.org/web/20250627210423/https://citizens-initiative.europa.eu/initiatives/details/2024/000007_en
2025-06-27,21:04:23,Sweden,28629,14805,193.37,https://web.archive.org/web/20250627210423/https://citizens-initiative.europa.eu/initiatives/details/2024/000007_en
2025-06-27,21:04:23,Total number of signatories,578556,,,https://web.archive.org/web/20250627210423/https://citizens-initiative.europa.eu/initiatives/details/2024/000007_en
2025-06-27,22:07:28,Austria,12270,13395,91.60,https://web.archive.org/web/20250627220728/https://citizens-initiative.europa.eu/initiatives/details/2024/000007_en
2025-06-27,22:07:28,Belgium,16720,14805,112.93,https://web.archive.org/web/20250627220728/https://citizens-initiative.europa.eu/initiatives/details/2024/000007_en
2025-06-27,22:07:28,Bulgaria,6564,11985,54.77,https://web.archive.org/web/20250627220728/https://citizens-initiative.europa.eu/initiatives/details/2024/000007_en
2025-06-27,22:07:28,Croatia,6963,8460,82.30,https://web.archive.org/web/20250627220728/https://citizens-initiative.europa.eu/initiatives/details/2024/000007_en
2025-06-27,22:07:28,Cyprus,973,4230,23.00,https://web.archive.org/web/20250627220728/https://citizens-initiative.europa.eu/initiatives/details/2024/000007_en
2025-06-27,22:07:28,Czechia,9976,14805,67.38,https://web.archive.org/web/20250627220728/https://citizens-initiative.europa.eu/initiatives/details/2024/000007_en
2025-06-27,22:07:28,Denmark,17240,9870,174.67,https://web.archive.org/web/20250627220728/https://citizens-initiative.europa.eu/initiatives/details/2024/000007_en
2025-06-27,22:07:28,Estonia,4529,4935,91.77,https://web.archive.org/web/20250627220728/https://citizens-initiative.europa.eu/initiatives/details/2024/000007_en
2025-06-27,22:07:28,Finland,23345,9870,236.52,https://web.archive.org/web/20250627220728/https://citizens-initiative.europa.eu/initiatives/details/2024/000007_en
2025-06-27,22:07:28,France,64297,55695,115.44,https://web.archive.org/web/20250627220728/https://citizens-initiative.europa.eu/initiatives/details/2024/000007_en
2025-06-27,22:07:28,Germany,129903,67680,191.94,https://web.archive.org/web/20250627220728/https://citizens-initiative.europa.eu/initiatives/details/2024/000007_en
2025-06-27,22:07:28,Greece,7918,14805,53.48,https://web.archive.org/web/20250627220728/https://citizens-initiative.europa.eu/initiatives/details/2024/000007_en
2025-06-27,22:07:28,Hungary,12735,14805,86.02,https://web.archive.org/web/20250627220728/https://citizens-initiative.europa.eu/initiatives/details/2024/000007_en
2025-06-27,22:07:28,Ireland,15749,9165,171.84,https://web.archive.org/web/20250627220728/https://citizens-initiative.europa.eu/initiatives/details/2024/000007_en
2025-06-27,22:07:28,Italy,32785,53580,61.19,https://web.archive.org/web/20250627220728/https://citizens-initiative.europa.eu/initiatives/details/2024/000007_en
2025-06-27,22:07:28,Latvia,3836,5640,68.01,https://web.archive.org/web/20250627220728/https://citizens-initiative.europa.eu/initiatives/details/2024/000007_en
2025-06-27,22:07:28,Lithuania,7569,7755,97.60,https://web.archive.org/web/20250627220728/https://citizens-initiative.europa.eu/initiatives/details/2024/000007_en
2025-06-27,22:07:28,Luxembourg,1325,4230,31.32,https://web.archive.org/web/20250627220728/https://citizens-initiative.europa.eu/initiatives/details/2024/000007_en
2025-06-27,22:07:28,Malta,841,4230,19.88,https://web.archive.org/web/20250627220728/https://citizens-initiative.europa.eu/initiatives/details/2024/000007_en
2025-06-27,22:07:28,Netherlands,37313,20445,182.50,https://web.archive.org/web/20250627220728/https://citizens-initiative.europa.eu/initiatives/details/2024/000007_en
2025-06-27,22:07:28,Poland,70303,36660,191.77,https://web.archive.org/web/20250627220728/https://citizens-initiative.europa.eu/initiatives/details/2024/000007_en
2025-06-27,22:07:28,Portugal,14061,14805,94.97,https://web.archive.org/web/20250627220728/https://citizens-initiative.europa.eu/initiatives/details/2024/000007_en
2025-06-27,22:07:28,Romania,17414,23265,74.85,https://web.archive.org/web/20250627220728/https://citizens-initiative.europa.eu/initiatives/details/2024/000007_en
2025-06-27,22:07:28,Slovakia,6860,9870,69.50,https://web.archive.org/web/20250627220728/https://citizens-initiative.europa.eu/initiatives/details/2024/000007_en
2025-06-27,22:07:28,Slovenia,3456,5640,61.28,https://web.archive.org/web/20250627220728/https://citizens-initiative.europa.eu/initiatives/details/2024/000007_en
2025-06-27,22:07:28,Spain,47152,41595,113.36,https://web.archive.org/web/20250627220728/https://citizens-initiative.europa.eu/initiatives/details/2024/000007_en
2025-06-27,22:07:28,Sweden,30152,14805,203.66,https://web.archive.org/web/20250627220728/https://citizens-initiative.europa.eu/initiatives/details/2024/000007_en
2025-06-27,22:07:28,Total number of signatories,602249,,,https://web.archive.org/web/20250627220728/https://citizens-initiative.europa.eu/initiatives/details/2024/000007_en
2025-06-27,16:38:23,Austria,12021,13395,89.74,https://web.archive.org/web/20250627163823/https://citizens-initiative.europa.eu/initiatives/details/2024/000007_en
2025-06-27,16:38:23,Belgium,16319,14805,110.23,https://web.archive.org/web/20250627163823/https://citizens-initiative.europa.eu/initiatives/details/2024/000007_en
2025-06-27,16:38:23,Bulgaria,6256,11985,52.20,https://web.archive.org/web/20250627163823/https://citizens-initiative.europa.eu/initiatives/details/2024/000007_en
2025-06-27,16:38:23,Croatia,6646,8460,78.56,https://web.archive.org/web/20250627163823/https://citizens-initiative.europa.eu/initiatives/details/2024/000007_en
2025-06-27,16:38:23,Cyprus,910,4230,21.51,https://web.archive.org/web/20250627163823/https://citizens-initiative.europa.eu/initiatives/details/2024/000007_en
2025-06-27,16:38:23,Czechia,9659,14805,65.24,https://web.archive.org/web/20250627163823/https://citizens-initiative.europa.eu/initiatives/details/2024/000007_en
2025-06-27,16:38:23,Denmark,16525,9870,167.43,https://web.archive.org/web/20250627163823/https://citizens-initiative.europa.eu/initiatives/details/2024/000007_en
2025-06-27,16:38:23,Estonia,4387,4935,88.90,https://web.archive.org/web/20250627163823/https://citizens-initiative.europa.eu/initiatives/details/2024/000007_en
2025-06-27,16:38:23,Finland,22339,9870,226.33,https://web.archive.org/web/20250627163823/https://citizens-initiative.europa.eu/initiatives/details/2024/000007_en
2025-06-27,16:38:23,France,61323,55695,110.11,https://web.archive.org/web/20250627163823/https://citizens-initiative.europa.eu/initiatives/details/2024/000007_en
2025-06-27,16:38:23,Germany,125689,67680,185.71,https://web.archive.org/web/20250627163823/https://citizens-initiative.europa.eu/initiatives/details/2024/000007_en
2025-06-27,16:38:23,Greece,7514,14805,50.75,https://web.archive.org/web/20250627163823/https://citizens-initiative.europa.eu/initiatives/details/2024/000007_en
2025-06-27,16:38:23,Hungary,12319,14805,83.21,https://web.archive.org/web/20250627163823/https://citizens-initiative.europa.eu/initiatives/details/2024/000007_en
2025-06-27,16:38:23,Ireland,15022,9165,163.91,https://web.archive.org/web/20250627163823/https://citizens-initiative.europa.eu/initiatives/details/2024/000007_en
2025-06-27,16:38:23,Italy,31909,53580,59.55,https://web.archive.org/web/20250627163823/https://citizens-initiative.europa.eu/initiatives/details/2024/000007_en
2025-06-27,16:38:23,Latvia,3641,5640,64.56,https://web.archive.org/web/20250627163823/https://citizens-initiative.europa.eu/initiatives/details/2024/000007_en
2025-06-27,16:38:23,Lithuania,7236,7755,93.31,https://web.archive.org/web/20250627163823/https://citizens-initiative.europa.eu/initiatives/details/2024/000007_en
2025-06-27,16:38:23,Luxembourg,1278,4230,30.21,https://web.archive.org/web/20250627163823/https://citizens-initiative.europa.eu/initiatives/details/2024/000007_en
2025-06-27,16:38:23,Malta,799,4230,18.89,https://web.archive.org/web/20250627163823/https://citizens-initiative.europa.eu/initiatives/details/2024/000007_en
2025-06-27,16:38:23,Netherlands,35861,20445,175.40,https://web.archive.org/web/20250627163823/https://citizens-initiative.europa.eu/initiatives/details/2024/000007_en
2025-06-27,16:38:23,Poland,68125,36660,185.83,https://web.archive.org/web/20250627163823/https://citizens-initiative.europa.eu/initiatives/details/2024/000007_en
2025-06-27,16:38:23,Portugal,13432,14805,90.73,https://web.archive.org/web/20250627163823/https://citizens-initiative.europa.eu/initiatives/details/2024/000007_en
2025-06-27,16:38:23,Romania,16813,23265,72.27,https://web.archive.org/web/20250627163823/https://citizens-initiative.europa.eu/initiatives/details/2024/000007_en
2025-06-27,16:38:23,Slovakia,6625,9870,67.12,https://web.archive.org/web/20250627163823/https://citizens-initiative.europa.eu/initiatives/details/2024/000007_en
2025-06-27,16:38:23,Slovenia,3304,5640,58.58,https://web.archive.org/web/20250627163823/https://citizens-initiative.europa.eu/initiatives/details/2024/000007_en
2025-06-27,16:38:23,Spain,43975,41595,105.72,https://web.archive.org/web/20250627163823/https://citizens-initiative.europa.eu/initiatives/details/2024/000007_en
2025-06-27,16:38:23,Sweden,28629,14805,193.37,https://web.archive.org/web/20250627163823/https://citizens-initiative.europa.eu/initiatives/details/2024/000007_en
2025-06-27,16:38:23,Total number of signatories,578556,,,https://web.archive.org/web/20250627163823/https://citizens-initiative.europa.eu/initiatives/details/2024/000007_en
2025-07-01,01:21:10,Austria,13160,13395,98.25,https://web.archive.org/web/20250701012110/https://citizens-initiative.europa.eu/initiatives/details/2024/000007_en
2025-07-01,01:21:10,Belgium,17791,14805,120.17,https://web.archive.org/web/20250701012110/https://citizens-initiative.europa.eu/initiatives/details/2024/000007_en
2025-07-01,01:21:10,Bulgaria,7418,11985,61.89,https://web.archive.org/web/20250701012110/https://citizens-initiative.europa.eu/initiatives/details/2024/000007_en
2025-07-01,01:21:10,Croatia,7898,8460,93.36,https://web.archive.org/web/20250701012110/https://citizens-initiative.europa.eu/initiatives/details/2024/000007_en
2025-07-01,01:21:10,Cyprus,1133,4230,26.78,https://web.archive.org/web/20250701012110/https://citizens-initiative.europa.eu/initiatives/details/2024/000007_en
2025-07-01,01:21:10,Czechia,11172,14805,75.46,https://web.archive.org/web/20250701012110/https://citizens-initiative.europa.eu/initiatives/details/2024/000007_en
2025-07-01,01:21:10,Denmark,19189,9870,194.42,https://web.archive.org/web/20250701012110/https://citizens-initiative.europa.eu/initiatives/details/2024/000007_en
2025-07-01,01:21:10,Estonia,5447,4935,110.37,https://web.archive.org/web/20250701012110/https://citizens-initiative.europa.eu/initiatives/details/2024/000007_en
2025-07-01,01:21:10,Finland,26617,9870,269.68,https://web.archive.org/web/20250701012110/https://citizens-initiative.europa.eu/initiatives/details/2024/000007_en
2025-07-01,01:21:10,France,70886,55695,127.28,https://web.archive.org/web/20250701012110/https://citizens-initiative.europa.eu/initiatives/details/2024/000007_en
2025-07-01,01:21:10,Germany,148457,67680,219.35,https://web.archive.org/web/20250701012110/https://citizens-initiative.europa.eu/initiatives/details/2024/000007_en
2025-07-01,01:21:10,Greece,10091,14805,68.16,https://web.archive.org/web/20250701012110/https://citizens-initiative.europa.eu/initiatives/details/2024/000007_en
2025-07-01,01:21:10,Hungary,13817,14805,93.33,https://web.archive.org/web/20250701012110/https://citizens-initiative.europa.eu/initiatives/details/2024/000007_en
2025-07-01,01:21:10,Ireland,17744,9165,193.61,https://web.archive.org/web/20250701012110/https://citizens-initiative.europa.eu/initiatives/details/2024/000007_en
2025-07-01,01:21:10,Italy,41151,53580,76.80,https://web.archive.org/web/20250701012110/https://citizens-initiative.europa.eu/initiatives/details/2024/000007_en
2025-07-01,01:21:10,Latvia,4282,5640,75.92,https://web.archive.org/web/20250701012110/https://citizens-initiative.europa.eu/initiatives/details/2024/000007_en
2025-07-01,01:21:10,Lithuania,8345,7755,107.61,https://web.archive.org/web/20250701012110/https://citizens-initiative.europa.eu/initiatives/details/2024/000007_en
2025-07-01,01:21:10,Luxembourg,1487,4230,35.15,https://web.archive.org/web/20250701012110/https://citizens-initiative.europa.eu/initiatives/details/2024/000007_en
2025-07-01,01:21:10,Malta,1001,4230,23.66,https://web.archive.org/web/20250701012110/https://citizens-initiative.europa.eu/initiatives/details/2024/000007_en
2025-07-01,01:21:10,Netherlands,41611,20445,203.53,https://web.archive.org/web/20250701012110/https://citizens-initiative.europa.eu/initiatives/details/2024/000007_en
2025-07-01,01:21:10,Poland,81049,36660,221.08,https://web.archive.org/web/20250701012110/https://citizens-initiative.europa.eu/initiatives/details/2024/000007_en
2025-07-01,01:21:10,Portugal,15762,14805,106.46,https://web.archive.org/web/20250701012110/https://citizens-initiative.europa.eu/initiatives/details/2024/000007_en
2025-07-01,01:21:10,Romania,19535,23265,83.97,https://web.archive.org/web/20250701012110/https://citizens-initiative.europa.eu/initiatives/details/2024/000007_en
2025-07-01,01:21:10,Slovakia,7656,9870,77.57,https://web.archive.org/web/20250701012110/https://citizens-initiative.europa.eu/initiatives/details/2024/000007_en
2025-07-01,01:21:10,Slovenia,3850,5640,68.26,https://web.archive.org/web/20250701012110/https://citizens-initiative.europa.eu/initiatives/details/2024/000007_en
2025-07-01,01:21:10,Spain,58027,41595,139.50,https://web.archive.org/web/20250701012110/https://citizens-initiative.europa.eu/initiatives/details/2024/000007_en
2025-07-01,01:21:10,Sweden,33928,14805,229.17,https://web.archive.org/web/20250701012110/https://citizens-initiative.europa.eu/initiatives/details/2024/000007_en
2025-07-01,01:21:10,Total number of signatories,688504,,,https://web.archive.org/web/20250701012110/https://citizens-initiative.europa.eu/initiatives/details/2024/000007_en
2025-07-01,14:46:49,Austria,13591,13395,101.46,https://web.archive.org/web/20250701144649/https://citizens-initiative.europa.eu/initiatives/details/2024/000007_en
2025-07-01,14:46:49,Belgium,18237,14805,123.18,https://web.archive.org/web/20250701144649/https://citizens-initiative.europa.eu/initiatives/details/2024/000007_en
2025-07-01,14:46:49,Bulgaria,7706,11985,64.30,https://web.archive.org/web/20250701144649/https://citizens-initiative.europa.eu/initiatives/details/2024/000007_en
2025-07-01,14:46:49,Croatia,8349,8460,98.69,https://web.archive.org/web/20250701144649/https://citizens-initiative.europa.eu/initiatives/details/2024/000007_en
2025-07-01,14:46:49,Cyprus,1177,4230,27.83,https://web.archive.org/web/20250701144649/https://citizens-initiative.europa.eu/initiatives/details/2024/000007_en
2025-07-01,14:46:49,Czechia,11560,14805,78.08,https://web.archive.org/web/20250701144649/https://citizens-initiative.europa.eu/initiatives/details/2024/000007_en
2025-07-01,14:46:49,Denmark,20009,9870,202.73,https://web.archive.org/web/20250701144649/https://citizens-initiative.europa.eu/initiatives/details/2024/000007_en
2025-07-01,14:46:49,Estonia,5692,4935,115.34,https://web.archive.org/web/20250701144649/https://citizens-initiative.europa.eu/initiatives/details/2024/000007_en
2025-07-01,14:46:49,Finland,28113,9870,284.83,https://web.archive.org/web/20250701144649/https://citizens-initiative.europa.eu/initiatives/details/2024/000007_en
2025-07-01,14:46:49,France,72810,55695,130.73,https://web.archive.org/web/20250701144649/https://citizens-initiative.europa.eu/initiatives/details/2024/000007_en
2025-07-01,14:46:49,Germany,154437,67680,228.19,https://web.archive.org/web/20250701144649/https://citizens-initiative.europa.eu/initiatives/details/2024/000007_en
2025-07-01,14:46:49,Greece,10574,14805,71.42,https://web.archive.org/web/20250701144649/https://citizens-initiative.europa.eu/initiatives/details/2024/000007_en
2025-07-01,14:46:49,Hungary,14315,14805,96.69,https://web.archive.org/web/20250701144649/https://citizens-initiative.europa.eu/initiatives/details/2024/000007_en
2025-07-01,14:46:49,Ireland,18721,9165,204.27,https://web.archive.org/web/20250701144649/https://citizens-initiative.europa.eu/initiatives/details/2024/000007_en
2025-07-01,14:46:49,Italy,44670,53580,83.37,https://web.archive.org/web/20250701144649/https://citizens-initiative.europa.eu/initiatives/details/2024/000007_en
2025-07-01,14:46:49,Latvia,4447,5640,78.85,https://web.archive.org/web/20250701144649/https://citizens-initiative.europa.eu/initiatives/details/2024/000007_en
2025-07-01,14:46:49,Lithuania,8708,7755,112.29,https://web.archive.org/web/20250701144649/https://citizens-initiative.europa.eu/initiatives/details/2024/000007_en
2025-07-01,14:46:49,Luxembourg,1545,4230,36.52,https://web.archive.org/web/20250701144649/https://citizens-initiative.europa.eu/initiatives/details/2024/000007_en
2025-07-01,14:46:49,Malta,1053,4230,24.89,https://web.archive.org/web/20250701144649/https://citizens-initiative.europa.eu/initiatives/details/2024/000007_en
2025-07-01,14:46:49,Netherlands,43717,20445,213.83,https://web.archive.org/web/20250701144649/https://citizens-initiative.europa.eu/initiatives/details/2024/000007_en
2025-07-01,14:46:49,Poland,84313,36660,229.99,https://web.archive.org/web/20250701144649/https://citizens-initiative.europa.eu/initiatives/details/2024/000007_en
2025-07-01,14:46:49,Portugal,16409,14805,110.83,https://web.archive.org/web/20250701144649/https://citizens-initiative.europa.eu/initiatives/details/2024/000007_en
2025-07-01,14:46:49,Romania,20410,23265,87.73,https://web.archive.org/web/20250701144649/https://citizens-initiative.europa.eu/initiatives/details/2024/000007_en
2025-07-01,14:46:49,Slovakia,7959,9870,80.64,https://web.archive.org/web/20250701144649/https://citizens-initiative.europa.eu/initiatives/details/2024/000007_en
2025-07-01,14:46:49,Slovenia,4005,5640,71.01,https://web.archive.org/web/20250701144649/https://citizens-initiative.europa.eu/initiatives/details/2024/000007_en
2025-07-01,14:46:49,Spain,60213,41595,144.76,https://web.archive.org/web/20250701144649/https://citizens-initiative.europa.eu/initiatives/details/2024/000007_en
2025-07-01,14:46:49,Sweden,35730,14805,241.34,https://web.archive.org/web/20250701144649/https://citizens-initiative.europa.eu/initiatives/details/2024/000007_en
2025-07-01,14:46:49,Total number of signatories,718470,,,https://web.archive.org/web/20250701144649/https://citizens-initiative.europa.eu/initiatives/details/2024/000007_en
2025-07-01,18:22:09,Austria,13591,13395,101.46,https://web.archive.org/web/20250701182209/https://citizens-initiative.europa.eu/initiatives/details/2024/000007_en
2025-07-01,18:22:09,Belgium,18237,14805,123.18,https://web.archive.org/web/20250701182209/https://citizens-initiative.europa.eu/initiatives/details/2024/000007_en
2025-07-01,18:22:09,Bulgaria,7706,11985,64.30,https://web.archive.org/web/20250701182209/https://citizens-initiative.europa.eu/initiatives/details/2024/000007_en
2025-07-01,18:22:09,Croatia,8349,8460,98.69,https://web.archive.org/web/20250701182209/https://citizens-initiative.europa.eu/initiatives/details/2024/000007_en
2025-07-01,18:22:09,Cyprus,1177,4230,27.83,https://web.archive.org/web/20250701182209/https://citizens-initiative.europa.eu/initiatives/details/2024/000007_en
2025-07-01,18:22:09,Czechia,11560,14805,78.08,https://web.archive.org/web/20250701182209/https://citizens-initiative.europa.eu/initiatives/details/2024/000007_en
2025-07-01,18:22:09,Denmark,20009,9870,202.73,https://web.archive.org/web/20250701182209/https://citizens-initiative.europa.eu/initiatives/details/2024/000007_en
2025-07-01,18:22:09,Estonia,5692,4935,115.34,https://web.archive.org/web/20250701182209/https://citizens-initiative.europa.eu/initiatives/details/2024/000007_en
2025-07-01,18:22:09,Finland,28113,9870,284.83,https://web.archive.org/web/20250701182209/https://citizens-initiative.europa.eu/initiatives/details/2024/000007_en
2025-07-01,18:22:09,France,72810,55695,130.73,https://web.archive.org/web/20250701182209/https://citizens-initiative.europa.eu/initiatives/details/2024/000007_en
2025-07-01,18:22:09,Germany,154437,67680,228.19,https://web.archive.org/web/20250701182209/https://citizens-initiative.europa.eu/initiatives/details/2024/000007_en
2025-07-01,18:22:09,Greece,10574,14805,71.42,https://web.archive.org/web/20250701182209/https://citizens-initiative.europa.eu/initiatives/details/2024/000007_en
2025-07-01,18:22:09,Hungary,14315,14805,96.69,https://web.archive.org/web/20250701182209/https://citizens-initiative.europa.eu/initiatives/details/2024/000007_en
2025-07-01,18:22:09,Ireland,18721,9165,204.27,https://web.archive.org/web/20250701182209/https://citizens-initiative.europa.eu/initiatives/details/2024/000007_en
2025-07-01,18:22:09,Italy,44670,53580,83.37,https://web.archive.org/web/20250701182209/https://citizens-initiative.europa.eu/initiatives/details/2024/000007_en
2025-07-01,18:22:09,Latvia,4447,5640,78.85,https://web.archive.org/web/20250701182209/https://citizens-initiative.europa.eu/initiatives/details/2024/000007_en
2025-07-01,18:22:09,Lithuania,8708,7755,112.29,https://web.archive.org/web/20250701182209/https://citizens-initiative.europa.eu/initiatives/details/2024/000007_en
2025-07-01,18:22:09,Luxembourg,1545,4230,36.52,https://web.archive.org/web/20250701182209/https://citizens-initiative.europa.eu/initiatives/details/2024/000007_en
2025-07-01,18:22:09,Malta,1053,4230,24.89,https://web.archive.org/web/20250701182209/https://citizens-initiative.europa.eu/initiatives/details/2024/000007_en
2025-07-01,18:22:09,Netherlands,43717,20445,213.83,https://web.archive.org/web/20250701182209/https://citizens-initiative.europa.eu/initiatives/details/2024/000007_en
2025-07-01,18:22:09,Poland,84313,36660,229.99,https://web.archive.org/web/20250701182209/https://citizens-initiative.europa.eu/initiatives/details/2024/000007_en
2025-07-01,18:22:09,Portugal,16409,14805,110.83,https://web.archive.org/web/20250701182209/https://citizens-initiative.europa.eu/initiatives/details/2024/000007_en
2025-07-01,18:22:09,Romania,20410,23265,87.73,https://web.archive.org/web/20250701182209/https://citizens-initiative.europa.eu/initiatives/details/2024/000007_en
2025-07-01,18:22:09,Slovakia,7959,9870,80.64,https://web.archive.org/web/20250701182209/https://citizens-initiative.europa.eu/initiatives/details/2024/000007_en
2025-07-01,18:22:09,Slovenia,4005,5640,71.01,https://web.archive.org/web/20250701182209/https://citizens-initiative.europa.eu/initiatives/details/2024/000007_en
2025-07-01,18:22:09,Spain,60213,41595,144.76,https://web.archive.org/web/20250701182209/https://citizens-initiative.europa.eu/initiatives/details/2024/000007_en
2025-07-01,18:22:09,Sweden,35730,14805,241.34,https://web.archive.org/web/20250701182209/https://citizens-initiative.europa.eu/initiatives/details/2024/000007_en
2025-07-01,18:22:09,Total number of signatories,718470,,,https://web.archive.org/web/20250701182209/https://citizens-initiative.europa.eu/initiatives/details/2024/000007_en
2025-07-01,20:41:43,Austria,13591,13395,101.46,https://web.archive.org/web/20250701204143/https://citizens-initiative.europa.eu/initiatives/details/2024/000007_en
2025-07-01,20:41:43,Belgium,18237,14805,123.18,https://web.archive.org/web/20250701204143/https://citizens-initiative.europa.eu/initiatives/details/2024/000007_en
2025-07-01,20:41:43,Bulgaria,7706,11985,64.30,https://web.archive.org/web/20250701204143/https://citizens-initiative.europa.eu/initiatives/details/2024/000007_en
2025-07-01,20:41:43,Croatia,8349,8460,98.69,https://web.archive.org/web/20250701204143/https://citizens-initiative.europa.eu/initiatives/details/2024/000007_en
2025-07-01,20:41:43,Cyprus,1177,4230,27.83,https://web.archive.org/web/20250701204143/https://citizens-initiative.europa.eu/initiatives/details/2024/000007_en
2025-07-01,20:41:43,Czechia,11560,14805,78.08,https://web.archive.org/web/20250701204143/https://citizens-initiative.europa.eu/initiatives/details/2024/000007_en
2025-07-01,20:41:43,Denmark,20009,9870,202.73,https://web.archive.org/web/20250701204143/https://citizens-initiative.europa.eu/initiatives/details/2024/000007_en
2025-07-01,20:41:43,Estonia,5692,4935,115.34,https://web.archive.org/web/20250701204143/https://citizens-initiative.europa.eu/initiatives/details/2024/000007_en
2025-07-01,20:41:43,Finland,28113,9870,284.83,https://web.archive.org/web/20250701204143/https://citizens-initiative.europa.eu/initiatives/details/2024/000007_en
2025-07-01,20:41:43,France,72810,55695,130.73,https://web.archive.org/web/20250701204143/https://citizens-initiative.europa.eu/initiatives/details/2024/000007_en
2025-07-01,20:41:43,Germany,154437,67680,228.19,https://web.archive.org/web/20250701204143/https://citizens-initiative.europa.eu/initiatives/details/2024/000007_en
2025-07-01,20:41:43,Greece,10574,14805,71.42,https://web.archive.org/web/20250701204143/https://citizens-initiative.europa.eu/initiatives/details/2024/000007_en
2025-07-01,20:41:43,Hungary,14315,14805,96.69,https://web.archive.org/web/20250701204143/https://citizens-initiative.europa.eu/initiatives/details/2024/000007_en
2025-07-01,20:41:43,Ireland,18721,9165,204.27,https://web.archive.org/web/20250701204143/https://citizens-initiative.europa.eu/initiatives/details/2024/000007_en
2025-07-01,20:41:43,Italy,44670,53580,83.37,https://web.archive.org/web/20250701204143/https://citizens-initiative.europa.eu/initiatives/details/2024/000007_en
2025-07-01,20:41:43,Latvia,4447,5640,78.85,https://web.archive.org/web/20250701204143/https://citizens-initiative.europa.eu/initiatives/details/2024/000007_en
2025-07-01,20:41:43,Lithuania,8708,7755,112.29,https://web.archive.org/web/20250701204143/https://citizens-initiative.europa.eu/initiatives/details/2024/000007_en
2025-07-01,20:41:43,Luxembourg,1545,4230,36.52,https://web.archive.org/web/20250701204143/https://citizens-initiative.europa.eu/initiatives/details/2024/000007_en
2025-07-01,20:41:43,Malta,1053,4230,24.89,https://web.archive.org/web/20250701204143/https://citizens-initiative.europa.eu/initiatives/details/2024/000007_en
2025-07-01,20:41:43,Netherlands,43717,20445,213.83,https://web.archive.org/web/20250701204143/https://citizens-initiative.europa.eu/initiatives/details/2024/000007_en
2025-07-01,20:41:43,Poland,84313,36660,229.99,https://web.archive.org/web/20250701204143/https://citizens-initiative.europa.eu/initiatives/details/2024/000007_en
2025-07-01,20:41:43,Portugal,16409,14805,110.83,https://web.archive.org/web/20250701204143/https://citizens-initiative.europa.eu/initiatives/details/2024/000007_en
2025-07-01,20:41:43,Romania,20410,23265,87.73,https://web.archive.org/web/20250701204143/https://citizens-initiative.europa.eu/initiatives/details/2024/000007_en
2025-07-01,20:41:43,Slovakia,7959,9870,80.64,https://web.archive.org/web/20250701204143/https://citizens-initiative.europa.eu/initiatives/details/2024/000007_en
2025-07-01,20:41:43,Slovenia,4005,5640,71.01,https://web.archive.org/web/20250701204143/https://citizens-initiative.europa.eu/initiatives/details/2024/000007_en
2025-07-01,20:41:43,Spain,60213,41595,144.76,https://web.archive.org/web/20250701204143/https://citizens-initiative.europa.eu/initiatives/details/2024/000007_en
2025-07-01,20:41:43,Sweden,35730,14805,241.34,https://web.archive.org/web/20250701204143/https://citizens-initiative.europa.eu/initiatives/details/2024/000007_en
2025-07-01,20:41:43,Total number of signatories,718470,,,https://web.archive.org/web/20250701204143/https://citizens-initiative.europa.eu/initiatives/details/2024/000007_en
2025-07-02,05:15:38,Austria,14105,13395,105.30,https://web.archive.org/web/20250702051538/https://citizens-initiative.europa.eu/initiatives/details/2024/000007_en
2025-07-02,05:15:38,Belgium,19114,14805,129.11,https://web.archive.org/web/20250702051538/https://citizens-initiative.europa.eu/initiatives/details/2024/000007_en
2025-07-02,05:15:38,Bulgaria,8270,11985,69.00,https://web.archive.org/web/20250702051538/https://citizens-initiative.europa.eu/initiatives/details/2024/000007_en
2025-07-02,05:15:38,Croatia,8924,8460,105.48,https://web.archive.org/web/20250702051538/https://citizens-initiative.europa.eu/initiatives/details/2024/000007_en
2025-07-02,05:15:38,Cyprus,1270,4230,30.02,https://web.archive.org/web/20250702051538/https://citizens-initiative.europa.eu/initiatives/details/2024/000007_en
2025-07-02,05:15:38,Czechia,12261,14805,82.82,https://web.archive.org/web/20250702051538/https://citizens-initiative.europa.eu/initiatives/details/2024/000007_en
2025-07-02,05:15:38,Denmark,21915,9870,222.04,https://web.archive.org/web/20250702051538/https://citizens-initiative.europa.eu/initiatives/details/2024/000007_en
2025-07-02,05:15:38,Estonia,6081,4935,123.22,https://web.archive.org/web/20250702051538/https://citizens-initiative.europa.eu/initiatives/details/2024/000007_en
2025-07-02,05:15:38,Finland,30648,9870,310.52,https://web.archive.org/web/20250702051538/https://citizens-initiative.europa.eu/initiatives/details/2024/000007_en
2025-07-02,05:15:38,France,76662,55695,137.65,https://web.archive.org/web/20250702051538/https://citizens-initiative.europa.eu/initiatives/details/2024/000007_en
2025-07-02,05:15:38,Germany,163731,67680,241.92,https://web.archive.org/web/20250702051538/https://citizens-initiative.europa.eu/initiatives/details/2024/000007_en
2025-07-02,05:15:38,Greece,11594,14805,78.31,https://web.archive.org/web/20250702051538/https://citizens-initiative.europa.eu/initiatives/details/2024/000007_en
2025-07-02,05:15:38,Hungary,15072,14805,101.80,https://web.archive.org/web/20250702051538/https://citizens-initiative.europa.eu/initiatives/details/2024/000007_en
2025-07-02,05:15:38,Ireland,21215,9165,231.48,https://web.archive.org/web/20250702051538/https://citizens-initiative.europa.eu/initiatives/details/2024/000007_en
2025-07-02,05:15:38,Italy,47576,53580,88.79,https://web.archive.org/web/20250702051538/https://citizens-initiative.europa.eu/initiatives/details/2024/000007_en
2025-07-02,05:15:38,Latvia,4770,5640,84.57,https://web.archive.org/web/20250702051538/https://citizens-initiative.europa.eu/initiatives/details/2024/000007_en
2025-07-02,05:15:38,Lithuania,9245,7755,119.21,https://web.archive.org/web/20250702051538/https://citizens-initiative.europa.eu/initiatives/details/2024/000007_en
2025-07-02,05:15:38,Luxembourg,1663,4230,39.31,https://web.archive.org/web/20250702051538/https://citizens-initiative.europa.eu/initiatives/details/2024/000007_en
2025-07-02,05:15:38,Malta,1151,4230,27.21,https://web.archive.org/web/20250702051538/https://citizens-initiative.europa.eu/initiatives/details/2024/000007_en
2025-07-02,05:15:38,Netherlands,48050,20445,235.02,https://web.archive.org/web/20250702051538/https://citizens-initiative.europa.eu/initiatives/details/2024/000007_en
2025-07-02,05:15:38,Poland,88878,36660,242.44,https://web.archive.org/web/20250702051538/https://citizens-initiative.europa.eu/initiatives/details/2024/000007_en
2025-07-02,05:15:38,Portugal,18012,14805,121.66,https://web.archive.org/web/20250702051538/https://citizens-initiative.europa.eu/initiatives/details/2024/000007_en
2025-07-02,05:15:38,Romania,22132,23265,95.13,https://web.archive.org/web/20250702051538/https://citizens-initiative.europa.eu/initiatives/details/2024/000007_en
2025-07-02,05:15:38,Slovakia,8699,9870,88.14,https://web.archive.org/web/20250702051538/https://citizens-initiative.europa.eu/initiatives/details/2024/000007_en
2025-07-02,05:15:38,Slovenia,4255,5640,75.44,https://web.archive.org/web/20250702051538/https://citizens-initiative.europa.eu/initiatives/details/2024/000007_en
2025-07-02,05:15:38,Spain,64499,41595,155.06,https://web.archive.org/web/20250702051538/https://citizens-initiative.europa.eu/initiatives/details/2024/000007_en
2025-07-02,05:15:38,Sweden,39562,14805,267.22,https://web.archive.org/web/20250702051538/https://citizens-initiative.europa.eu/initiatives/details/2024/000007_en
2025-07-02,05:15:38,Total number of signatories,769354,,,https://web.archive.org/web/20250702051538/https://citizens-initiative.europa.eu/initiatives/details/2024/000007_en
2025-07-02,10:45:21,Austria,14105,13395,105.30,https://web.archive.org/web/20250702104521/https://citizens-initiative.europa.eu/initiatives/details/2024/000007_en
2025-07-02,10:45:21,Belgium,19114,14805,129.11,https://web.archive.org/web/20250702104521/https://citizens-initiative.europa.eu/initiatives/details/2024/000007_en
2025-07-02,10:45:21,Bulgaria,8270,11985,69.00,https://web.archive.org/web/20250702104521/https://citizens-initiative.europa.eu/initiatives/details/2024/000007_en
2025-07-02,10:45:21,Croatia,8924,8460,105.48,https://web.archive.org/web/20250702104521/https://citizens-initiative.europa.eu/initiatives/details/2024/000007_en
2025-07-02,10:45:21,Cyprus,1270,4230,30.02,https://web.archive.org/web/20250702104521/https://citizens-initiative.europa.eu/initiatives/details/2024/000007_en
2025-07-02,10:45:21,Czechia,12261,14805,82.82,https://web.archive.org/web/20250702104521/https://citizens-initiative.europa.eu/initiatives/details/2024/000007_en
2025-07-02,10:45:21,Denmark,21915,9870,222.04,https://web.archive.org/web/20250702104521/https://citizens-initiative.europa.eu/initiatives/details/2024/000007_en
2025-07-02,10:45:21,Estonia,6081,4935,123.22,https://web.archive.org/web/20250702104521/https://citizens-initiative.europa.eu/initiatives/details/2024/000007_en
2025-07-02,10:45:21,Finland,30648,9870,310.52,https://web.archive.org/web/20250702104521/https://citizens-initiative.europa.eu/initiatives/details/2024/000007_en
2025-07-02,10:45:21,France,76662,55695,137.65,https://web.archive.org/web/20250702104521/https://citizens-initiative.europa.eu/initiatives/details/2024/000007_en
2025-07-02,10:45:21,Germany,163731,67680,241.92,https://web.archive.org/web/20250702104521/https://citizens-initiative.europa.eu/initiatives/details/2024/000007_en
2025-07-02,10:45:21,Greece,11594,14805,78.31,https://web.archive.org/web/20250702104521/https://citizens-initiative.europa.eu/initiatives/details/2024/000007_en
2025-07-02,10:45:21,Hungary,15072,14805,101.80,https://web.archive.org/web/20250702104521/https://citizens-initiative.europa.eu/initiatives/details/2024/000007_en
2025-07-02,10:45:21,Ireland,21215,9165,231.48,https://web.archive.org/web/20250702104521/https://citizens-initiative.europa.eu/initiatives/details/2024/000007_en
2025-07-02,10:45:21,Italy,47576,53580,88.79,https://web.archive.org/web/20250702104521/https://citizens-initiative.europa.eu/initiatives/details/2024/000007_en
2025-07-02,10:45:21,Latvia,4770,5640,84.57,https://web.archive.org/web/20250702104521/https://citizens-initiative.europa.eu/initiatives/details/2024/000007_en
2025-07-02,10:45:21,Lithuania,9245,7755,119.21,https://web.archive.org/web/20250702104521/https://citizens-initiative.europa.eu/initiatives/details/2024/000007_en
2025-07-02,10:45:21,Luxembourg,1663,4230,39.31,https://web.archive.org/web/20250702104521/https://citizens-initiative.europa.eu/initiatives/details/2024/000007_en
2025-07-02,10:45:21,Malta,1151,4230,27.21,https://web.archive.org/web/20250702104521/https://citizens-initiative.europa.eu/initiatives/details/2024/000007_en
2025-07-02,10:45:21,Netherlands,48050,20445,235.02,https://web.archive.org/web/20250702104521/https://citizens-initiative.europa.eu/initiatives/details/2024/000007_en
2025-07-02,10:45:21,Poland,88878,36660,242.44,https://web.archive.org/web/20250702104521/https://citizens-initiative.europa.eu/initiatives/details/2024/000007_en
2025-07-02,10:45:21,Portugal,18012,14805,121.66,https://web.archive.org/web/20250702104521/https://citizens-initiative.europa.eu/initiatives/details/2024/000007_en
2025-07-02,10:45:21,Romania,22132,23265,95.13,https://web.archive.org/web/20250702104521/https://citizens-initiative.europa.eu/initiatives/details/2024/000007_en
2025-07-02,10:45:21,Slovakia,8699,9870,88.14,https://web.archive.org/web/20250702104521/https://citizens-initiative.europa.eu/initiatives/details/2024/000007_en
2025-07-02,10:45:21,Slovenia,4255,5640,75.44,https://web.archive.org/web/20250702104521/https://citizens-initiative.europa.eu/initiatives/details/2024/000007_en
2025-07-02,10:45:21,Spain,64499,41595,155.06,https://web.archive.org/web/20250702104521/https://citizens-initiative.europa.eu/initiatives/details/2024/000007_en
2025-07-02,10:45:21,Sweden,39562,14805,267.22,https://web.archive.org/web/20250702104521/https://citizens-initiative.europa.eu/initiatives/details/2024/000007_en
2025-07-02,10:45:21,Total number of signatories,769354,,,https://web.archive.org/web/20250702104521/https://citizens-initiative.europa.eu/initiatives/details/2024/000007_en
2025-07-02,21:29:48,Austria,15432,13395,115.21,https://web.archive.org/web/20250702212948/https://citizens-initiative.europa.eu/initiatives/details/2024/000007_en
2025-07-02,21:29:48,Belgium,21236,14805,143.44,https://web.archive.org/web/20250702212948/https://citizens-initiative.europa.eu/initiatives/details/2024/000007_en
2025-07-02,21:29:48,Bulgaria,9618,11985,80.25,https://web.archive.org/web/20250702212948/https://citizens-initiative.europa.eu/initiatives/details/2024/000007_en
2025-07-02,21:29:48,Croatia,10130,8460,119.74,https://web.archive.org/web/20250702212948/https://citizens-initiative.europa.eu/initiatives/details/2024/000007_en
2025-07-02,21:29:48,Cyprus,1461,4230,34.54,https://web.archive.org/web/20250702212948/https://citizens-initiative.europa.eu/initiatives/details/2024/000007_en
2025-07-02,21:29:48,Czechia,14404,14805,97.29,https://web.archive.org/web/20250702212948/https://citizens-initiative.europa.eu/initiatives/details/2024/000007_en
2025-07-02,21:29:48,Denmark,25316,9870,256.49,https://web.archive.org/web/20250702212948/https://citizens-initiative.europa.eu/initiatives/details/2024/000007_en
2025-07-02,21:29:48,Estonia,6842,4935,138.64,https://web.archive.org/web/20250702212948/https://citizens-initiative.europa.eu/initiatives/details/2024/000007_en
2025-07-02,21:29:48,Finland,38430,9870,389.36,https://web.archive.org/web/20250702212948/https://citizens-initiative.europa.eu/initiatives/details/2024/000007_en
2025-07-02,21:29:48,France,88607,55695,159.09,https://web.archive.org/web/20250702212948/https://citizens-initiative.europa.eu/initiatives/details/2024/000007_en
2025-07-02,21:29:48,Germany,188188,67680,278.06,https://web.archive.org/web/20250702212948/https://citizens-initiative.europa.eu/initiatives/details/2024/000007_en
2025-07-02,21:29:48,Greece,13612,14805,91.94,https://web.archive.org/web/20250702212948/https://citizens-initiative.europa.eu/initiatives/details/2024/000007_en
2025-07-02,21:29:48,Hungary,17074,14805,115.33,https://web.archive.org/web/20250702212948/https://citizens-initiative.europa.eu/initiatives/details/2024/000007_en
2025-07-02,21:29:48,Ireland,24767,9165,270.23,https://web.archive.org/web/20250702212948/https://citizens-initiative.europa.eu/initiatives/details/2024/000007_en
2025-07-02,21:29:48,Italy,53597,53580,100.03,https://web.archive.org/web/20250702212948/https://citizens-initiative.europa.eu/initiatives/details/2024/000007_en
2025-07-02,21:29:48,Latvia,5478,5640,97.13,https://web.archive.org/web/20250702212948/https://citizens-initiative.europa.eu/initiatives/details/2024/000007_en
2025-07-02,21:29:48,Lithuania,10441,7755,134.64,https://web.archive.org/web/20250702212948/https://citizens-initiative.europa.eu/initiatives/details/2024/000007_en
2025-07-02,21:29:48,Luxembourg,1890,4230,44.68,https://web.archive.org/web/20250702212948/https://citizens-initiative.europa.eu/initiatives/details/2024/000007_en
2025-07-02,21:29:48,Malta,1310,4230,30.97,https://web.archive.org/web/20250702212948/https://citizens-initiative.europa.eu/initiatives/details/2024/000007_en
2025-07-02,21:29:48,Netherlands,56642,20445,277.05,https://web.archive.org/web/20250702212948/https://citizens-initiative.europa.eu/initiatives/details/2024/000007_en
2025-07-02,21:29:48,Poland,99672,36660,271.88,https://web.archive.org/web/20250702212948/https://citizens-initiative.europa.eu/initiatives/details/2024/000007_en
2025-07-02,21:29:48,Portugal,20903,14805,141.19,https://web.archive.org/web/20250702212948/https://citizens-initiative.europa.eu/initiatives/details/2024/000007_en
2025-07-02,21:29:48,Romania,25702,23265,110.47,https://web.archive.org/web/20250702212948/https://citizens-initiative.europa.eu/initiatives/details/2024/000007_en
2025-07-02,21:29:48,Slovakia,10808,9870,109.50,https://web.archive.org/web/20250702212948/https://citizens-initiative.europa.eu/initiatives/details/2024/000007_en
2025-07-02,21:29:48,Slovenia,4859,5640,86.15,https://web.archive.org/web/20250702212948/https://citizens-initiative.europa.eu/initiatives/details/2024/000007_en
2025-07-02,21:29:48,Spain,75396,41595,181.26,https://web.archive.org/web/20250702212948/https://citizens-initiative.europa.eu/initiatives/details/2024/000007_en
2025-07-02,21:29:48,Sweden,46409,14805,313.47,https://web.archive.org/web/20250702212948/https://citizens-initiative.europa.eu/initiatives/details/2024/000007_en
2025-07-02,21:29:48,Total number of signatories,888224,,,https://web.archive.org/web/20250702212948/https://citizens-initiative.europa.eu/initiatives/details/2024/000007_en
2025-07-03,06:10:41,Austria,16028,13395,119.66,https://web.archive.org/web/20250703061041/https://citizens-initiative.europa.eu/initiatives/details/2024/000007_en
2025-07-03,06:10:41,Belgium,22094,14805,149.23,https://web.archive.org/web/20250703061041/https://citizens-initiative.europa.eu/initiatives/details/2024/000007_en
2025-07-03,06:10:41,Bulgaria,10147,11985,84.66,https://web.archive.org/web/20250703061041/https://citizens-initiative.europa.eu/initiatives/details/2024/000007_en
2025-07-03,06:10:41,Croatia,10602,8460,125.32,https://web.archive.org/web/20250703061041/https://citizens-initiative.europa.eu/initiatives/details/2024/000007_en
2025-07-03,06:10:41,Cyprus,1556,4230,36.78,https://web.archive.org/web/20250703061041/https://citizens-initiative.europa.eu/initiatives/details/2024/000007_en
2025-07-03,06:10:41,Czechia,15524,14805,104.86,https://web.archive.org/web/20250703061041/https://citizens-initiative.europa.eu/initiatives/details/2024/000007_en
2025-07-03,06:10:41,Denmark,26701,9870,270.53,https://web.archive.org/web/20250703061041/https://citizens-initiative.europa.eu/initiatives/details/2024/000007_en
2025-07-03,06:10:41,Estonia,7134,4935,144.56,https://web.archive.org/web/20250703061041/https://citizens-initiative.europa.eu/initiatives/details/2024/000007_en
2025-07-03,06:10:41,Finland,41516,9870,420.63,https://web.archive.org/web/20250703061041/https://citizens-initiative.europa.eu/initiatives/details/2024/000007_en
2025-07-03,06:10:41,France,94622,55695,169.89,https://web.archive.org/web/20250703061041/https://citizens-initiative.europa.eu/initiatives/details/2024/000007_en
2025-07-03,06:10:41,Germany,199537,67680,294.82,https://web.archive.org/web/20250703061041/https://citizens-initiative.europa.eu/initiatives/details/2024/000007_en
2025-07-03,06:10:41,Greece,14405,14805,97.30,https://web.archive.org/web/20250703061041/https://citizens-initiative.europa.eu/initiatives/details/2024/000007_en
2025-07-03,06:10:41,Hungary,17894,14805,120.86,https://web.archive.org/web/20250703061041/https://citizens-initiative.europa.eu/initiatives/details/2024/000007_en
2025-07-03,06:10:41,Ireland,26252,9165,286.44,https://web.archive.org/web/20250703061041/https://citizens-initiative.europa.eu/initiatives/details/2024/000007_en
2025-07-03,06:10:41,Italy,55549,53580,103.67,https://web.archive.org/web/20250703061041/https://citizens-initiative.europa.eu/initiatives/details/2024/000007_en
2025-07-03,06:10:41,Latvia,5816,5640,103.12,https://web.archive.org/web/20250703061041/https://citizens-initiative.europa.eu/initiatives/details/2024/000007_en
2025-07-03,06:10:41,Lithuania,10885,7755,140.36,https://web.archive.org/web/20250703061041/https://citizens-initiative.europa.eu/initiatives/details/2024/000007_en
2025-07-03,06:10:41,Luxembourg,1984,4230,46.90,https://web.archive.org/web/20250703061041/https://citizens-initiative.europa.eu/initiatives/details/2024/000007_en
2025-07-03,06:10:41,Malta,1381,4230,32.65,https://web.archive.org/web/20250703061041/https://citizens-initiative.europa.eu/initiatives/details/2024/000007_en
2025-07-03,06:10:41,Netherlands,60094,20445,293.93,https://web.archive.org/web/20250703061041/https://citizens-initiative.europa.eu/initiatives/details/2024/000007_en
2025-07-03,06:10:41,Poland,103549,36660,282.46,https://web.archive.org/web/20250703061041/https://citizens-initiative.europa.eu/initiatives/details/2024/000007_en
2025-07-03,06:10:41,Portugal,22393,14805,151.25,https://web.archive.org/web/20250703061041/https://citizens-initiative.europa.eu/initiatives/details/2024/000007_en
2025-07-03,06:10:41,Romania,27134,23265,116.63,https://web.archive.org/web/20250703061041/https://citizens-initiative.europa.eu/initiatives/details/2024/000007_en
2025-07-03,06:10:41,Slovakia,12024,9870,121.82,https://web.archive.org/web/20250703061041/https://citizens-initiative.europa.eu/initiatives/details/2024/000007_en
2025-07-03,06:10:41,Slovenia,5075,5640,89.98,https://web.archive.org/web/20250703061041/https://citizens-initiative.europa.eu/initiatives/details/2024/000007_en
2025-07-03,06:10:41,Spain,79813,41595,191.88,https://web.archive.org/web/20250703061041/https://citizens-initiative.europa.eu/initiatives/details/2024/000007_en
2025-07-03,06:10:41,Sweden,49255,14805,332.69,https://web.archive.org/web/20250703061041/https://citizens-initiative.europa.eu/initiatives/details/2024/000007_en
2025-07-03,06:10:41,Total number of signatories,938964,,,https://web.archive.org/web/20250703061041/https://citizens-initiative.europa.eu/initiatives/details/2024/000007_en
2025-07-03,06:22:44,Austria,16028,13395,119.66,https://web.archive.org/web/20250703062244/https://citizens-initiative.europa.eu/initiatives/details/2024/000007_en
2025-07-03,06:22:44,Belgium,22094,14805,149.23,https://web.archive.org/web/20250703062244/https://citizens-initiative.europa.eu/initiatives/details/2024/000007_en
2025-07-03,06:22:44,Bulgaria,10147,11985,84.66,https://web.archive.org/web/20250703062244/https://citizens-initiative.europa.eu/initiatives/details/2024/000007_en
2025-07-03,06:22:44,Croatia,10602,8460,125.32,https://web.archive.org/web/20250703062244/https://citizens-initiative.europa.eu/initiatives/details/2024/000007_en
2025-07-03,06:22:44,Cyprus,1556,4230,36.78,https://web.archive.org/web/20250703062244/https://citizens-initiative.europa.eu/initiatives/details/2024/000007_en
2025-07-03,06:22:44,Czechia,15524,14805,104.86,https://web.archive.org/web/20250703062244/https://citizens-initiative.europa.eu/initiatives/details/2024/000007_en
2025-07-03,06:22:44,Denmark,26701,9870,270.53,https://web.archive.org/web/20250703062244/https://citizens-initiative.europa.eu/initiatives/details/2024/000007_en
2025-07-03,06:22:44,Estonia,7134,4935,144.56,https://web.archive.org/web/20250703062244/https://citizens-initiative.europa.eu/initiatives/details/2024/000007_en
2025-07-03,06:22:44,Finland,41516,9870,420.63,https://web.archive.org/web/20250703062244/https://citizens-initiative.europa.eu/initiatives/details/2024/000007_en
2025-07-03,06:22:44,France,94622,55695,169.89,https://web.archive.org/web/20250703062244/https://citizens-initiative.europa.eu/initiatives/details/2024/000007_en
2025-07-03,06:22:44,Germany,199537,67680,294.82,https://web.archive.org/web/20250703062244/https://citizens-initiative.europa.eu/initiatives/details/2024/000007_en
2025-07-03,06:22:44,Greece,14405,14805,97.30,https://web.archive.org/web/20250703062244/https://citizens-initiative.europa.eu/initiatives/details/2024/000007_en
2025-07-03,06:22:44,Hungary,17894,14805,120.86,https://web.archive.org/web/20250703062244/https://citizens-initiative.europa.eu/initiatives/details/2024/000007_en
2025-07-03,06:22:44,Ireland,26252,9165,286.44,https://web.archive.org/web/20250703062244/https://citizens-initiative.europa.eu/initiatives/details/2024/000007_en
2025-07-03,06:22:44,Italy,55549,53580,103.67,https://web.archive.org/web/20250703062244/https://citizens-initiative.europa.eu/initiatives/details/2024/000007_en
2025-07-03,06:22:44,Latvia,5816,5640,103.12,https://web.archive.org/web/20250703062244/https://citizens-initiative.europa.eu/initiatives/details/2024/000007_en
2025-07-03,06:22:44,Lithuania,10885,7755,140.36,https://web.archive.org/web/20250703062244/https://citizens-initiative.europa.eu/initiatives/details/2024/000007_en
2025-07-03,06:22:44,Luxembourg,1984,4230,46.90,https://web.archive.org/web/20250703062244/https://citizens-initiative.europa.eu/initiatives/details/2024/000007_en
2025-07-03,06:22:44,Malta,1381,4230,32.65,https://web.archive.org/web/20250703062244/https://citizens-initiative.europa.eu/initiatives/details/2024/000007_en
2025-07-03,06:22:44,Netherlands,60094,20445,293.93,https://web.archive.org/web/20250703062244/https://citizens-initiative.europa.eu/initiatives/details/2024/000007_en
2025-07-03,06:22:44,Poland,103549,36660,282.46,https://web.archive.org/web/20250703062244/https://citizens-initiative.europa.eu/initiatives/details/2024/000007_en
2025-07-03,06:22:44,Portugal,22393,14805,151.25,https://web.archive.org/web/20250703062244/https://citizens-initiative.europa.eu/initiatives/details/2024/000007_en
2025-07-03,06:22:44,Romania,27134,23265,116.63,https://web.archive.org/web/20250703062244/https://citizens-initiative.europa.eu/initiatives/details/2024/000007_en
2025-07-03,06:22:44,Slovakia,12024,9870,121.82,https://web.archive.org/web/20250703062244/https://citizens-initiative.europa.eu/initiatives/details/2024/000007_en
2025-07-03,06:22:44,Slovenia,5075,5640,89.98,https://web.archive.org/web/20250703062244/https://citizens-initiative.europa.eu/initiatives/details/2024/000007_en
2025-07-03,06:22:44,Spain,79813,41595,191.88,https://web.archive.org/web/20250703062244/https://citizens-initiative.europa.eu/initiatives/details/2024/000007_en
2025-07-03,06:22:44,Sweden,49255,14805,332.69,https://web.archive.org/web/20250703062244/https://citizens-initiative.europa.eu/initiatives/details/2024/000007_en
2025-07-03,06:22:44,Total number of signatories,938964,,,https://web.archive.org/web/20250703062244/https://citizens-initiative.europa.eu/initiatives/details/2024/000007_en
2025-06-28,07:09:33,Austria,12270,13395,91.60,https://web.archive.org/web/20250628070933/https://citizens-initiative.europa.eu/initiatives/details/2024/000007_en
2025-06-28,07:09:33,Belgium,16720,14805,112.93,https://web.archive.org/web/20250628070933/https://citizens-initiative.europa.eu/initiatives/details/2024/000007_en
2025-06-28,07:09:33,Bulgaria,6564,11985,54.77,https://web.archive.org/web/20250628070933/https://citizens-initiative.europa.eu/initiatives/details/2024/000007_en
2025-06-28,07:09:33,Croatia,6963,8460,82.30,https://web.archive.org/web/20250628070933/https://citizens-initiative.europa.eu/initiatives/details/2024/000007_en
2025-06-28,07:09:33,Cyprus,973,4230,23.00,https://web.archive.org/web/20250628070933/https://citizens-initiative.europa.eu/initiatives/details/2024/000007_en
2025-06-28,07:09:33,Czechia,9976,14805,67.38,https://web.archive.org/web/20250628070933/https://citizens-initiative.europa.eu/initiatives/details/2024/000007_en
2025-06-28,07:09:33,Denmark,17240,9870,174.67,https://web.archive.org/web/20250628070933/https://citizens-initiative.europa.eu/initiatives/details/2024/000007_en
2025-06-28,07:09:33,Estonia,4529,4935,91.77,https://web.archive.org/web/20250628070933/https://citizens-initiative.europa.eu/initiatives/details/2024/000007_en
2025-06-28,07:09:33,Finland,23345,9870,236.52,https://web.archive.org/web/20250628070933/https://citizens-initiative.europa.eu/initiatives/details/2024/000007_en
2025-06-28,07:09:33,France,64297,55695,115.44,https://web.archive.org/web/20250628070933/https://citizens-initiative.europa.eu/initiatives/details/2024/000007_en
2025-06-28,07:09:33,Germany,129903,67680,191.94,https://web.archive.org/web/20250628070933/https://citizens-initiative.europa.eu/initiatives/details/2024/000007_en
2025-06-28,07:09:33,Greece,7918,14805,53.48,https://web.archive.org/web/20250628070933/https://citizens-initiative.europa.eu/initiatives/details/2024/000007_en
2025-06-28,07:09:33,Hungary,12735,14805,86.02,https://web.archive.org/web/20250628070933/https://citizens-initiative.europa.eu/initiatives/details/2024/000007_en
2025-06-28,07:09:33,Ireland,15749,9165,171.84,https://web.archive.org/web/20250628070933/https://citizens-initiative.europa.eu/initiatives/details/2024/000007_en
2025-06-28,07:09:33,Italy,32785,53580,61.19,https://web.archive.org/web/20250628070933/https://citizens-initiative.europa.eu/initiatives/details/2024/000007_en
2025-06-28,07:09:33,Latvia,3836,5640,68.01,https://web.archive.org/web/20250628070933/https://citizens-initiative.europa.eu/initiatives/details/2024/000007_en
2025-06-28,07:09:33,Lithuania,7569,7755,97.60,https://web.archive.org/web/20250628070933/https://citizens-initiative.europa.eu/initiatives/details/2024/000007_en
2025-06-28,07:09:33,Luxembourg,1325,4230,31.32,https://web.archive.org/web/20250628070933/https://citizens-initiative.europa.eu/initiatives/details/2024/000007_en
2025-06-28,07:09:33,Malta,841,4230,19.88,https://web.archive.org/web/20250628070933/https://citizens-initiative.europa.eu/initiatives/details/2024/000007_en
2025-06-28,07:09:33,Netherlands,37313,20445,182.50,https://web.archive.org/web/20250628070933/https://citizens-initiative.europa.eu/initiatives/details/2024/000007_en
2025-06-28,07:09:33,Poland,70303,36660,191.77,https://web.archive.org/web/20250628070933/https://citizens-initiative.europa.eu/initiatives/details/2024/000007_en
2025-06-28,07:09:33,Portugal,14061,14805,94.97,https://web.archive.org/web/20250628070933/https://citizens-initiative.europa.eu/initiatives/details/2024/000007_en
2025-06-28,07:09:33,Romania,17414,23265,74.85,https://web.archive.org/web/20250628070933/https://citizens-initiative.europa.eu/initiatives/details/2024/000007_en
2025-06-28,07:09:33,Slovakia,6860,9870,69.50,https://web.archive.org/web/20250628070933/https://citizens-initiative.europa.eu/initiatives/details/2024/000007_en
2025-06-28,07:09:33,Slovenia,3456,5640,61.28,https://web.archive.org/web/20250628070933/https://citizens-initiative.europa.eu/initiatives/details/2024/000007_en
2025-06-28,07:09:33,Spain,47152,41595,113.36,https://web.archive.org/web/20250628070933/https://citizens-initiative.europa.eu/initiatives/details/2024/000007_en
2025-06-28,07:09:33,Sweden,30152,14805,203.66,https://web.archive.org/web/20250628070933/https://citizens-initiative.europa.eu/initiatives/details/2024/000007_en
2025-06-28,07:09:33,Total number of signatories,602249,,,https://web.archive.org/web/20250628070933/https://citizens-initiative.europa.eu/initiatives/details/2024/000007_en
2025-06-28,15:08:52,Austria,12452,13395,92.96,https://web.archive.org/web/20250628150852/https://citizens-initiative.europa.eu/initiatives/details/2024/000007_en
2025-06-28,15:08:52,Belgium,16962,14805,114.57,https://web.archive.org/web/20250628150852/https://citizens-initiative.europa.eu/initiatives/details/2024/000007_en
2025-06-28,15:08:52,Bulgaria,6731,11985,56.16,https://web.archive.org/web/20250628150852/https://citizens-initiative.europa.eu/initiatives/details/2024/000007_en
2025-06-28,15:08:52,Croatia,7166,8460,84.70,https://web.archive.org/web/20250628150852/https://citizens-initiative.europa.eu/initiatives/details/2024/000007_en
2025-06-28,15:08:52,Cyprus,1012,4230,23.92,https://web.archive.org/web/20250628150852/https://citizens-initiative.europa.eu/initiatives/details/2024/000007_en
2025-06-28,15:08:52,Czechia,10283,14805,69.46,https://web.archive.org/web/20250628150852/https://citizens-initiative.europa.eu/initiatives/details/2024/000007_en
2025-06-28,15:08:52,Denmark,17626,9870,178.58,https://web.archive.org/web/20250628150852/https://citizens-initiative.europa.eu/initiatives/details/2024/000007_en
2025-06-28,15:08:52,Estonia,4703,4935,95.30,https://web.archive.org/web/20250628150852/https://citizens-initiative.europa.eu/initiatives/details/2024/000007_en
2025-06-28,15:08:52,Finland,24197,9870,245.16,https://web.archive.org/web/20250628150852/https://citizens-initiative.europa.eu/initiatives/details/2024/000007_en
2025-06-28,15:08:52,France,65575,55695,117.74,https://web.archive.org/web/20250628150852/https://citizens-initiative.europa.eu/initiatives/details/2024/000007_en
2025-06-28,15:08:52,Germany,132930,67680,196.41,https://web.archive.org/web/20250628150852/https://citizens-initiative.europa.eu/initiatives/details/2024/000007_en
2025-06-28,15:08:52,Greece,8158,14805,55.10,https://web.archive.org/web/20250628150852/https://citizens-initiative.europa.eu/initiatives/details/2024/000007_en
2025-06-28,15:08:52,Hungary,12995,14805,87.77,https://web.archive.org/web/20250628150852/https://citizens-initiative.europa.eu/initiatives/details/2024/000007_en
2025-06-28,15:08:52,Ireland,16072,9165,175.36,https://web.archive.org/web/20250628150852/https://citizens-initiative.europa.eu/initiatives/details/2024/000007_en
2025-06-28,15:08:52,Italy,33456,53580,62.44,https://web.archive.org/web/20250628150852/https://citizens-initiative.europa.eu/initiatives/details/2024/000007_en
2025-06-28,15:08:52,Latvia,3952,5640,70.07,https://web.archive.org/web/20250628150852/https://citizens-initiative.europa.eu/initiatives/details/2024/000007_en
2025-06-28,15:08:52,Lithuania,7736,7755,99.75,https://web.archive.org/web/20250628150852/https://citizens-initiative.europa.eu/initiatives/details/2024/000007_en
2025-06-28,15:08:52,Luxembourg,1368,4230,32.34,https://web.archive.org/web/20250628150852/https://citizens-initiative.europa.eu/initiatives/details/2024/000007_en
2025-06-28,15:08:52,Malta,878,4230,20.76,https://web.archive.org/web/20250628150852/https://citizens-initiative.europa.eu/initiatives/details/2024/000007_en
2025-06-28,15:08:52,Netherlands,38182,20445,186.75,https://web.archive.org/web/20250628150852/https://citizens-initiative.europa.eu/initiatives/details/2024/000007_en
2025-06-28,15:08:52,Poland,72627,36660,198.11,https://web.archive.org/web/20250628150852/https://citizens-initiative.europa.eu/initiatives/details/2024/000007_en
2025-06-28,15:08:52,Portugal,14388,14805,97.18,https://web.archive.org/web/20250628150852/https://citizens-initiative.europa.eu/initiatives/details/2024/000007_en
2025-06-28,15:08:52,Romania,17866,23265,76.79,https://web.archive.org/web/20250628150852/https://citizens-initiative.europa.eu/initiatives/details/2024/000007_en
2025-06-28,15:08:52,Slovakia,7051,9870,71.44,https://web.archive.org/web/20250628150852/https://citizens-initiative.europa.eu/initiatives/details/2024/000007_en
2025-06-28,15:08:52,Slovenia,3545,5640,62.85,https://web.archive.org/web/20250628150852/https://citizens-initiative.europa.eu/initiatives/details/2024/000007_en
2025-06-28,15:08:52,Spain,49405,41595,118.78,https://web.archive.org/web/20250628150852/https://citizens-initiative.europa.eu/initiatives/details/2024/000007_en
2025-06-28,15:08:52,Sweden,31009,14805,209.45,https://web.archive.org/web/20250628150852/https://citizens-initiative.europa.eu/initiatives/details/2024/000007_en
2025-06-28,15:08:52,Total number of signatories,618325,,,https://web.archive.org/web/20250628150852/https://citizens-initiative.europa.eu/initiatives/details/2024/000007_en
2025-06-29,22:24:28,Austria,12867,13395,96.06,https://web.archive.org/web/20250629222428/https://citizens-initiative.europa.eu/initiatives/details/2024/000007_en
2025-06-29,22:24:28,Belgium,17409,14805,117.59,https://web.archive.org/web/20250629222428/https://citizens-initiative.europa.eu/initiatives/details/2024/000007_en
2025-06-29,22:24:28,Bulgaria,7156,11985,59.71,https://web.archive.org/web/20250629222428/https://citizens-initiative.europa.eu/initiatives/details/2024/000007_en
2025-06-29,22:24:28,Croatia,7481,8460,88.43,https://web.archive.org/web/20250629222428/https://citizens-initiative.europa.eu/initiatives/details/2024/000007_en
2025-06-29,22:24:28,Cyprus,1095,4230,25.89,https://web.archive.org/web/20250629222428/https://citizens-initiative.europa.eu/initiatives/details/2024/000007_en
2025-06-29,22:24:28,Czechia,10781,14805,72.82,https://web.archive.org/web/20250629222428/https://citizens-initiative.europa.eu/initiatives/details/2024/000007_en
2025-06-29,22:24:28,Denmark,18494,9870,187.38,https://web.archive.org/web/20250629222428/https://citizens-initiative.europa.eu/initiatives/details/2024/000007_en
2025-06-29,22:24:28,Estonia,5062,4935,102.57,https://web.archive.org/web/20250629222428/https://citizens-initiative.europa.eu/initiatives/details/2024/000007_en
2025-06-29,22:24:28,Finland,25439,9870,257.74,https://web.archive.org/web/20250629222428/https://citizens-initiative.europa.eu/initiatives/details/2024/000007_en
2025-06-29,22:24:28,France,68146,55695,122.36,https://web.archive.org/web/20250629222428/https://citizens-initiative.europa.eu/initiatives/details/2024/000007_en
2025-06-29,22:24:28,Germany,141186,67680,208.61,https://web.archive.org/web/20250629222428/https://citizens-initiative.europa.eu/initiatives/details/2024/000007_en
2025-06-29,22:24:28,Greece,9489,14805,64.09,https://web.archive.org/web/20250629222428/https://citizens-initiative.europa.eu/initiatives/details/2024/000007_en
2025-06-29,22:24:28,Hungary,13450,14805,90.85,https://web.archive.org/web/20250629222428/https://citizens-initiative.europa.eu/initiatives/details/2024/000007_en
2025-06-29,22:24:28,Ireland,16822,9165,183.55,https://web.archive.org/web/20250629222428/https://citizens-initiative.europa.eu/initiatives/details/2024/000007_en
2025-06-29,22:24:28,Italy,35165,53580,65.63,https://web.archive.org/web/20250629222428/https://citizens-initiative.europa.eu/initiatives/details/2024/000007_en
2025-06-29,22:24:28,Latvia,4141,5640,73.42,https://web.archive.org/web/20250629222428/https://citizens-initiative.europa.eu/initiatives/details/2024/000007_en
2025-06-29,22:24:28,Lithuania,8119,7755,104.69,https://web.archive.org/web/20250629222428/https://citizens-initiative.europa.eu/initiatives/details/2024/000007_en
2025-06-29,22:24:28,Luxembourg,1444,4230,34.14,https://web.archive.org/web/20250629222428/https://citizens-initiative.europa.eu/initiatives/details/2024/000007_en
2025-06-29,22:24:28,Malta,954,4230,22.55,https://web.archive.org/web/20250629222428/https://citizens-initiative.europa.eu/initiatives/details/2024/000007_en
2025-06-29,22:24:28,Netherlands,40098,20445,196.13,https://web.archive.org/web/20250629222428/https://citizens-initiative.europa.eu/initiatives/details/2024/000007_en
2025-06-29,22:24:28,Poland,77271,36660,210.78,https://web.archive.org/web/20250629222428/https://citizens-initiative.europa.eu/initiatives/details/2024/000007_en
2025-06-29,22:24:28,Portugal,15166,14805,102.44,https://web.archive.org/web/20250629222428/https://citizens-initiative.europa.eu/initiatives/details/2024/000007_en
2025-06-29,22:24:28,Romania,18780,23265,80.72,https://web.archive.org/web/20250629222428/https://citizens-initiative.europa.eu/initiatives/details/2024/000007_en
2025-06-29,22:24:28,Slovakia,7423,9870,75.21,https://web.archive.org/web/20250629222428/https://citizens-initiative.europa.eu/initiatives/details/2024/000007_en
2025-06-29,22:24:28,Slovenia,3714,5640,65.85,https://web.archive.org/web/20250629222428/https://citizens-initiative.europa.eu/initiatives/details/2024/000007_en
2025-06-29,22:24:28,Spain,53574,41595,128.80,https://web.archive.org/web/20250629222428/https://citizens-initiative.europa.eu/initiatives/details/2024/000007_en
2025-06-29,22:24:28,Sweden,32664,14805,220.63,https://web.archive.org/web/20250629222428/https://citizens-initiative.europa.eu/initiatives/details/2024/000007_en
2025-06-29,22:24:28,Total number of signatories,653390,,,https://web.archive.org/web/20250629222428/https://citizens-initiative.europa.eu/initiatives/details/2024/000007_en
